version_group,location,area,shop,item,buy
red-blue,fuchsia-city,whole-area,mart,super-repel,500
red-blue,fuchsia-city,whole-area,mart,full-heal,600
red-blue,fuchsia-city,whole-area,mart,revive,1500
red-blue,fuchsia-city,whole-area,mart,super-potion,700
red-blue,fuchsia-city,whole-area,mart,great-ball,600
red-blue,fuchsia-city,whole-area,mart,ultra-ball,1200
red-blue,celadon-city,department-store/5f,drugstore-right,calcium,9800
red-blue,celadon-city,department-store/5f,drugstore-right,carbos,9800
red-blue,celadon-city,department-store/5f,drugstore-right,iron,9800
red-blue,celadon-city,department-store/5f,drugstore-right,protein,9800
red-blue,celadon-city,department-store/5f,drugstore-right,hp-up,9800
red-blue,celadon-city,department-store/5f,drugstore-left,x-special,350
red-blue,celadon-city,department-store/5f,drugstore-left,x-speed,350
red-blue,celadon-city,department-store/5f,drugstore-left,x-defend,550
red-blue,celadon-city,department-store/5f,drugstore-left,x-attack,500
red-blue,celadon-city,department-store/5f,drugstore-left,dire-hit,650
red-blue,celadon-city,department-store/5f,drugstore-left,guard-spec,700
red-blue,celadon-city,department-store/5f,drugstore-left,x-accuracy,950
red-blue,celadon-city,department-store/4f,wiseman-gifts,leaf-stone,2100
red-blue,celadon-city,department-store/4f,wiseman-gifts,water-stone,2100
red-blue,celadon-city,department-store/4f,wiseman-gifts,thunderstone,2100
red-blue,celadon-city,department-store/4f,wiseman-gifts,fire-stone,2100
red-blue,celadon-city,department-store/4f,wiseman-gifts,poke-doll,1000
red-blue,celadon-city,department-store/2f,trainers-market-right,tm17,3000
red-blue,celadon-city,department-store/2f,trainers-market-right,tm09,3000
red-blue,celadon-city,department-store/2f,trainers-market-right,tm05,3000
red-blue,celadon-city,department-store/2f,trainers-market-right,tm01,3000
red-blue,celadon-city,department-store/2f,trainers-market-right,tm37,2000
red-blue,celadon-city,department-store/2f,trainers-market-right,tm07,2000
red-blue,celadon-city,department-store/2f,trainers-market-right,tm02,2000
red-blue,celadon-city,department-store/2f,trainers-market-right,tm33,1000
red-blue,celadon-city,department-store/2f,trainers-market-right,tm32,1000
red-blue,celadon-city,department-store/2f,trainers-market-left,parlyz-heal,200
red-blue,celadon-city,department-store/2f,trainers-market-left,awakening,200
red-blue,celadon-city,department-store/2f,trainers-market-left,ice-heal,250
red-blue,celadon-city,department-store/2f,trainers-market-left,burn-heal,250
red-blue,celadon-city,department-store/2f,trainers-market-left,antidote,100
red-blue,celadon-city,department-store/2f,trainers-market-left,super-repel,500
red-blue,celadon-city,department-store/2f,trainers-market-left,revive,1500
red-blue,celadon-city,department-store/2f,trainers-market-left,super-potion,700
red-blue,celadon-city,department-store/2f,trainers-market-left,great-ball,600
red-blue,lavender-town,whole-area,mart,parlyz-heal,200
red-blue,lavender-town,whole-area,mart,ice-heal,250
red-blue,lavender-town,whole-area,mart,burn-heal,250
red-blue,lavender-town,whole-area,mart,antidote,100
red-blue,lavender-town,whole-area,mart,super-repel,500
red-blue,lavender-town,whole-area,mart,escape-rope,550
red-blue,lavender-town,whole-area,mart,revive,1500
red-blue,lavender-town,whole-area,mart,super-potion,700
red-blue,lavender-town,whole-area,mart,great-ball,600
red-blue,vermilion-city,whole-area,mart,repel,350
red-blue,vermilion-city,whole-area,mart,parlyz-heal,200
red-blue,vermilion-city,whole-area,mart,awakening,200
red-blue,vermilion-city,whole-area,mart,ice-heal,250
red-blue,vermilion-city,whole-area,mart,super-potion,700
red-blue,vermilion-city,whole-area,mart,poke-ball,200
red-blue,cerulean-city,whole-area,bike-shop,bicycle,1000000
red-blue,cerulean-city,whole-area,mart,parlyz-heal,200
red-blue,cerulean-city,whole-area,mart,awakening,200
red-blue,cerulean-city,whole-area,mart,burn-heal,250
red-blue,cerulean-city,whole-area,mart,antidote,100
red-blue,cerulean-city,whole-area,mart,repel,350
red-blue,cerulean-city,whole-area,mart,potion,300
red-blue,cerulean-city,whole-area,mart,poke-ball,200
red-blue,pewter-city,whole-area,mart,parlyz-heal,200
red-blue,pewter-city,whole-area,mart,awakening,200
red-blue,pewter-city,whole-area,mart,burn-heal,250
red-blue,pewter-city,whole-area,mart,antidote,100
red-blue,pewter-city,whole-area,mart,escape-rope,550
red-blue,pewter-city,whole-area,mart,potion,300
red-blue,pewter-city,whole-area,mart,poke-ball,200
red-blue,viridian-city,whole-area,mart,burn-heal,250
red-blue,viridian-city,whole-area,mart,parlyz-heal,200
red-blue,viridian-city,whole-area,mart,antidote,100
red-blue,viridian-city,whole-area,mart,poke-ball,200
yellow,viridian-city,whole-area,mart,poke-ball,200
yellow,viridian-city,whole-area,mart,potion,300
yellow,viridian-city,whole-area,mart,antidote,100
yellow,viridian-city,whole-area,mart,parlyz-heal,200
yellow,viridian-city,whole-area,mart,burn-heal,250
yellow,pewter-city,whole-area,mart,poke-ball,200
yellow,pewter-city,whole-area,mart,potion,300
yellow,pewter-city,whole-area,mart,escape-rope,550
yellow,pewter-city,whole-area,mart,antidote,100
yellow,pewter-city,whole-area,mart,burn-heal,250
yellow,pewter-city,whole-area,mart,awakening,200
yellow,pewter-city,whole-area,mart,parlyz-heal,200
yellow,cerulean-city,whole-area,mart,poke-ball,200
yellow,cerulean-city,whole-area,mart,potion,300
yellow,cerulean-city,whole-area,mart,escape-rope,550
yellow,cerulean-city,whole-area,mart,repel,350
yellow,cerulean-city,whole-area,mart,antidote,100
yellow,cerulean-city,whole-area,mart,burn-heal,250
yellow,cerulean-city,whole-area,mart,awakening,200
yellow,cerulean-city,whole-area,mart,parlyz-heal,200
yellow,cerulean-city,whole-area,bike-shop,bicycle,1000000
yellow,vermilion-city,whole-area,mart,poke-ball,200
yellow,vermilion-city,whole-area,mart,super-potion,700
yellow,vermilion-city,whole-area,mart,ice-heal,250
yellow,vermilion-city,whole-area,mart,awakening,200
yellow,vermilion-city,whole-area,mart,parlyz-heal,200
yellow,vermilion-city,whole-area,mart,repel,350
yellow,lavender-town,whole-area,mart,great-ball,600
yellow,lavender-town,whole-area,mart,super-potion,700
yellow,lavender-town,whole-area,mart,revive,1500
yellow,lavender-town,whole-area,mart,escape-rope,550
yellow,lavender-town,whole-area,mart,super-repel,500
yellow,lavender-town,whole-area,mart,antidote,100
yellow,lavender-town,whole-area,mart,burn-heal,250
yellow,lavender-town,whole-area,mart,ice-heal,250
yellow,lavender-town,whole-area,mart,parlyz-heal,200
yellow,celadon-city,department-store/2f,trainers-market-left,great-ball,600
yellow,celadon-city,department-store/2f,trainers-market-left,super-potion,700
yellow,celadon-city,department-store/2f,trainers-market-left,revive,1500
yellow,celadon-city,department-store/2f,trainers-market-left,super-repel,500
yellow,celadon-city,department-store/2f,trainers-market-left,antidote,100
yellow,celadon-city,department-store/2f,trainers-market-left,burn-heal,250
yellow,celadon-city,department-store/2f,trainers-market-left,ice-heal,250
yellow,celadon-city,department-store/2f,trainers-market-left,awakening,200
yellow,celadon-city,department-store/2f,trainers-market-left,parlyz-heal,200
yellow,celadon-city,department-store/2f,trainers-market-right,tm32,1000
yellow,celadon-city,department-store/2f,trainers-market-right,tm33,1000
yellow,celadon-city,department-store/2f,trainers-market-right,tm02,2000
yellow,celadon-city,department-store/2f,trainers-market-right,tm07,2000
yellow,celadon-city,department-store/2f,trainers-market-right,tm37,2000
yellow,celadon-city,department-store/2f,trainers-market-right,tm01,3000
yellow,celadon-city,department-store/2f,trainers-market-right,tm05,3000
yellow,celadon-city,department-store/2f,trainers-market-right,tm09,3000
yellow,celadon-city,department-store/2f,trainers-market-right,tm17,3000
yellow,celadon-city,department-store/4f,wiseman-gifts,poke-doll,1000
yellow,celadon-city,department-store/4f,wiseman-gifts,fire-stone,2100
yellow,celadon-city,department-store/4f,wiseman-gifts,thunderstone,2100
yellow,celadon-city,department-store/4f,wiseman-gifts,water-stone,2100
yellow,celadon-city,department-store/4f,wiseman-gifts,leaf-stone,2100
yellow,celadon-city,department-store/5f,drugstore-left,x-accuracy,950
yellow,celadon-city,department-store/5f,drugstore-left,guard-spec,700
yellow,celadon-city,department-store/5f,drugstore-left,dire-hit,650
yellow,celadon-city,department-store/5f,drugstore-left,x-attack,500
yellow,celadon-city,department-store/5f,drugstore-left,x-defend,550
yellow,celadon-city,department-store/5f,drugstore-left,x-speed,350
yellow,celadon-city,department-store/5f,drugstore-left,x-special,350
yellow,celadon-city,department-store/5f,drugstore-right,hp-up,9800
yellow,celadon-city,department-store/5f,drugstore-right,protein,9800
yellow,celadon-city,department-store/5f,drugstore-right,iron,9800
yellow,celadon-city,department-store/5f,drugstore-right,carbos,9800
yellow,celadon-city,department-store/5f,drugstore-right,calcium,9800
yellow,fuchsia-city,whole-area,mart,ultra-ball,1200
yellow,fuchsia-city,whole-area,mart,great-ball,600
yellow,fuchsia-city,whole-area,mart,hyper-potion,1500
yellow,fuchsia-city,whole-area,mart,revive,1500
yellow,fuchsia-city,whole-area,mart,full-heal,600
yellow,fuchsia-city,whole-area,mart,super-repel,500
gold-silver,goldenrod-underground,whole-area,herb-shop,heal-powder,450
gold-silver,goldenrod-underground,whole-area,herb-shop,energy-root,800
gold-silver,goldenrod-underground,whole-area,herb-shop,energypowder,500
gold-silver,indigo-plateau,whole-area,mart,revive,1500
gold-silver,indigo-plateau,whole-area,mart,full-restore,3000
gold-silver,indigo-plateau,whole-area,mart,max-potion,2500
gold-silver,indigo-plateau,whole-area,mart,hyper-potion,1200
gold-silver,indigo-plateau,whole-area,mart,max-repel,700
gold-silver,indigo-plateau,whole-area,mart,ultra-ball,1200
gold-silver,mt-moon,mt-moon-square,shop,repel,350
gold-silver,mt-moon,mt-moon-square,shop,lemonade,350
gold-silver,mt-moon,mt-moon-square,shop,soda-pop,300
gold-silver,mt-moon,mt-moon-square,shop,fresh-water,200
gold-silver,mt-moon,mt-moon-square,shop,poke-doll,1000
gold-silver,saffron-city,whole-area,mart,x-defend,550
gold-silver,saffron-city,whole-area,mart,x-attack,500
gold-silver,saffron-city,whole-area,mart,full-heal,600
gold-silver,saffron-city,whole-area,mart,max-potion,2500
gold-silver,saffron-city,whole-area,mart,hyper-potion,1200
gold-silver,saffron-city,whole-area,mart,ultra-ball,1200
gold-silver,saffron-city,whole-area,mart,great-ball,600
gold-silver,fuchsia-city,whole-area,mart,max-repel,700
gold-silver,fuchsia-city,whole-area,mart,full-heal,600
gold-silver,fuchsia-city,whole-area,mart,hyper-potion,1200
gold-silver,fuchsia-city,whole-area,mart,super-potion,700
gold-silver,fuchsia-city,whole-area,mart,ultra-ball,1200
gold-silver,fuchsia-city,whole-area,mart,great-ball,600
gold-silver,celadon-city,department-store/5f,drugstore-right,x-speed,350
gold-silver,celadon-city,department-store/5f,drugstore-right,x-defend,550
gold-silver,celadon-city,department-store/5f,drugstore-right,x-attack,500
gold-silver,celadon-city,department-store/5f,drugstore-right,dire-hit,650
gold-silver,celadon-city,department-store/5f,drugstore-right,guard-spec,700
gold-silver,celadon-city,department-store/5f,drugstore-right,x-accuracy,950
gold-silver,celadon-city,department-store/5f,drugstore-left,carbos,9800
gold-silver,celadon-city,department-store/5f,drugstore-left,iron,9800
gold-silver,celadon-city,department-store/5f,drugstore-left,protein,9800
gold-silver,celadon-city,department-store/5f,drugstore-left,hp-up,9800
gold-silver,celadon-city,department-store/4f,wiseman-gifts,lovely-mail,50
gold-silver,celadon-city,department-store/4f,wiseman-gifts,poke-doll,1000
gold-silver,celadon-city,department-store/3f,tm-shop,tm18,2000
gold-silver,celadon-city,department-store/3f,tm-shop,tm17,3000
gold-silver,celadon-city,department-store/3f,tm-shop,tm11,2000
gold-silver,celadon-city,department-store/3f,tm-shop,tm10,3000
gold-silver,celadon-city,department-store/2f,trainers-market-lower,awakening,250
gold-silver,celadon-city,department-store/2f,trainers-market-lower,ice-heal,250
gold-silver,celadon-city,department-store/2f,trainers-market-lower,burn-heal,250
gold-silver,celadon-city,department-store/2f,trainers-market-lower,antidote,100
gold-silver,celadon-city,department-store/2f,trainers-market-lower,full-heal,600
gold-silver,celadon-city,department-store/2f,trainers-market-lower,escape-rope,550
gold-silver,celadon-city,department-store/2f,trainers-market-lower,ultra-ball,1200
gold-silver,celadon-city,department-store/2f,trainers-market-lower,great-ball,600
gold-silver,celadon-city,department-store/2f,trainers-market-lower,poke-ball,200
gold-silver,celadon-city,department-store/2f,trainers-market-upper,super-repel,500
gold-silver,celadon-city,department-store/2f,trainers-market-upper,revive,1500
gold-silver,celadon-city,department-store/2f,trainers-market-upper,max-potion,2500
gold-silver,celadon-city,department-store/2f,trainers-market-upper,hyper-potion,1200
gold-silver,celadon-city,department-store/2f,trainers-market-upper,super-potion,700
gold-silver,celadon-city,department-store/2f,trainers-market-upper,potion,300
gold-silver,vermilion-city,whole-area,mart,burn-heal,250
gold-silver,vermilion-city,whole-area,mart,awakening,250
gold-silver,vermilion-city,whole-area,mart,parlyz-heal,200
gold-silver,vermilion-city,whole-area,mart,revive,1500
gold-silver,vermilion-city,whole-area,mart,hyper-potion,1200
gold-silver,vermilion-city,whole-area,mart,super-potion,700
gold-silver,vermilion-city,whole-area,mart,ultra-ball,1200
gold-silver,lavender-town,whole-area,mart,awakening,250
gold-silver,lavender-town,whole-area,mart,parlyz-heal,200
gold-silver,lavender-town,whole-area,mart,antidote,100
gold-silver,lavender-town,whole-area,mart,max-repel,700
gold-silver,lavender-town,whole-area,mart,super-potion,700
gold-silver,lavender-town,whole-area,mart,potion,300
gold-silver,lavender-town,whole-area,mart,great-ball,600
gold-silver,cerulean-city,whole-area,mart,dire-hit,650
gold-silver,cerulean-city,whole-area,mart,x-attack,500
gold-silver,cerulean-city,whole-area,mart,x-defend,550
gold-silver,cerulean-city,whole-area,mart,full-heal,600
gold-silver,cerulean-city,whole-area,mart,super-repel,500
gold-silver,cerulean-city,whole-area,mart,super-potion,700
gold-silver,cerulean-city,whole-area,mart,ultra-ball,1200
gold-silver,cerulean-city,whole-area,mart,great-ball,600
gold-silver,pewter-city,whole-area,mart,awakening,250
gold-silver,pewter-city,whole-area,mart,parlyz-heal,200
gold-silver,pewter-city,whole-area,mart,antidote,100
gold-silver,pewter-city,whole-area,mart,super-repel,500
gold-silver,pewter-city,whole-area,mart,super-potion,700
gold-silver,pewter-city,whole-area,mart,great-ball,600
gold-silver,viridian-city,whole-area,mart,burn-heal,250
gold-silver,viridian-city,whole-area,mart,awakening,250
gold-silver,viridian-city,whole-area,mart,parlyz-heal,200
gold-silver,viridian-city,whole-area,mart,antidote,100
gold-silver,viridian-city,whole-area,mart,revive,1500
gold-silver,viridian-city,whole-area,mart,full-heal,600
gold-silver,viridian-city,whole-area,mart,hyper-potion,1200
gold-silver,viridian-city,whole-area,mart,ultra-ball,1200
gold-silver,blackthorn-city,whole-area,mart,x-defend,550
gold-silver,blackthorn-city,whole-area,mart,max-repel,700
gold-silver,blackthorn-city,whole-area,mart,revive,1500
gold-silver,blackthorn-city,whole-area,mart,full-heal,600
gold-silver,blackthorn-city,whole-area,mart,max-potion,2500
gold-silver,blackthorn-city,whole-area,mart,hyper-potion,1200
gold-silver,blackthorn-city,whole-area,mart,ultra-ball,1200
gold-silver,blackthorn-city,whole-area,mart,great-ball,600
gold-silver,mahogany-town,whole-area,shop-no-rockets,revive,1500
gold-silver,mahogany-town,whole-area,shop-no-rockets,super-repel,500
gold-silver,mahogany-town,whole-area,shop-no-rockets,parlyz-heal,200
gold-silver,mahogany-town,whole-area,shop-no-rockets,antidote,100
gold-silver,mahogany-town,whole-area,shop-no-rockets,hyper-potion,1200
gold-silver,mahogany-town,whole-area,shop-no-rockets,super-potion,700
gold-silver,mahogany-town,whole-area,shop-no-rockets,great-ball,600
gold-silver,mahogany-town,whole-area,shop-no-rockets,ragecandybar,300
gold-silver,mahogany-town,whole-area,shop,poke-ball,200
gold-silver,mahogany-town,whole-area,shop,slowpoketail,9800
gold-silver,mahogany-town,whole-area,shop,tinymushroom,500
gold-silver,ecruteak-city,whole-area,mart,ice-heal,250
gold-silver,ecruteak-city,whole-area,mart,burn-heal,250
gold-silver,ecruteak-city,whole-area,mart,awakening,250
gold-silver,ecruteak-city,whole-area,mart,parlyz-heal,200
gold-silver,ecruteak-city,whole-area,mart,antidote,100
gold-silver,ecruteak-city,whole-area,mart,super-potion,700
gold-silver,ecruteak-city,whole-area,mart,potion,300
gold-silver,ecruteak-city,whole-area,mart,great-ball,600
gold-silver,ecruteak-city,whole-area,mart,poke-ball,200
gold-silver,olivine-city,whole-area,mart,super-repel,500
gold-silver,olivine-city,whole-area,mart,ice-heal,250
gold-silver,olivine-city,whole-area,mart,awakening,250
gold-silver,olivine-city,whole-area,mart,parlyz-heal,200
gold-silver,olivine-city,whole-area,mart,antidote,100
gold-silver,olivine-city,whole-area,mart,hyper-potion,1200
gold-silver,olivine-city,whole-area,mart,super-potion,700
gold-silver,olivine-city,whole-area,mart,great-ball,600
gold-silver,goldenrod-city,department-store/5f,tm-corner-4,tm02,2000
gold-silver,goldenrod-city,department-store/5f,tm-corner-4,tm33,3000
gold-silver,goldenrod-city,department-store/5f,tm-corner-4,tm48,3000
gold-silver,goldenrod-city,department-store/5f,tm-corner-4,tm41,3000
gold-silver,goldenrod-city,department-store/5f,tm-corner-3,tm33,3000
gold-silver,goldenrod-city,department-store/5f,tm-corner-3,tm48,3000
gold-silver,goldenrod-city,department-store/5f,tm-corner-3,tm41,3000
gold-silver,goldenrod-city,department-store/5f,tm-corner-2,tm33,3000
gold-silver,goldenrod-city,department-store/5f,tm-corner-2,tm48,3000
gold-silver,goldenrod-city,department-store/5f,tm-corner-2,tm41,3000
gold-silver,goldenrod-city,department-store/5f,tm-corner-1,tm48,3000
gold-silver,goldenrod-city,department-store/5f,tm-corner-1,tm41,3000
gold-silver,goldenrod-city,department-store/4f,medicine-box,calcium,9800
gold-silver,goldenrod-city,department-store/4f,medicine-box,carbos,9800
gold-silver,goldenrod-city,department-store/4f,medicine-box,iron,9800
gold-silver,goldenrod-city,department-store/4f,medicine-box,protein,9800
gold-silver,goldenrod-city,department-store/3f,battle-collection,guard-spec,700
gold-silver,goldenrod-city,department-store/3f,battle-collection,dire-hit,650
gold-silver,goldenrod-city,department-store/3f,battle-collection,x-attack,500
gold-silver,goldenrod-city,department-store/3f,battle-collection,x-defend,550
gold-silver,goldenrod-city,department-store/3f,battle-collection,x-special,350
gold-silver,goldenrod-city,department-store/3f,battle-collection,x-speed,350
gold-silver,goldenrod-city,department-store/2f,trainers-market-lower,poke-doll,1000
gold-silver,goldenrod-city,department-store/2f,trainers-market-lower,full-heal,600
gold-silver,goldenrod-city,department-store/2f,trainers-market-lower,revive,1500
gold-silver,goldenrod-city,department-store/2f,trainers-market-lower,repel,350
gold-silver,goldenrod-city,department-store/2f,trainers-market-lower,escape-rope,550
gold-silver,goldenrod-city,department-store/2f,trainers-market-lower,great-ball,600
gold-silver,goldenrod-city,department-store/2f,trainers-market-lower,poke-ball,200
gold-silver,goldenrod-city,department-store/2f,trainers-market-upper,burn-heal,250
gold-silver,goldenrod-city,department-store/2f,trainers-market-upper,awakening,250
gold-silver,goldenrod-city,department-store/2f,trainers-market-upper,parlyz-heal,200
gold-silver,goldenrod-city,department-store/2f,trainers-market-upper,antidote,100
gold-silver,goldenrod-city,department-store/2f,trainers-market-upper,super-potion,700
gold-silver,goldenrod-city,department-store/2f,trainers-market-upper,potion,300
gold-silver,cianwood-city,whole-area,mart,full-heal,600
gold-silver,cianwood-city,whole-area,mart,hyper-potion,1200
gold-silver,cianwood-city,whole-area,mart,super-potion,700
gold-silver,cianwood-city,whole-area,mart,potion,300
gold-silver,azalea-town,whole-area,mart,parlyz-heal,200
gold-silver,azalea-town,whole-area,mart,antidote,100
gold-silver,azalea-town,whole-area,mart,repel,350
gold-silver,azalea-town,whole-area,mart,escape-rope,550
gold-silver,azalea-town,whole-area,mart,super-potion,700
gold-silver,azalea-town,whole-area,mart,potion,300
gold-silver,azalea-town,whole-area,mart,poke-ball,200
gold-silver,azalea-town,whole-area,mart,charcoal,9800
gold-silver,violet-city,whole-area,mart,x-speed,350
gold-silver,violet-city,whole-area,mart,x-attack,500
gold-silver,violet-city,whole-area,mart,x-defend,550
gold-silver,violet-city,whole-area,mart,awakening,250
gold-silver,violet-city,whole-area,mart,parlyz-heal,200
gold-silver,violet-city,whole-area,mart,antidote,100
gold-silver,violet-city,whole-area,mart,escape-rope,550
gold-silver,violet-city,whole-area,mart,potion,300
gold-silver,violet-city,whole-area,mart,poke-ball,200
gold-silver,cherrygrove-city,whole-area,mart,parlyz-heal,200
gold-silver,cherrygrove-city,whole-area,mart,antidote,100
gold-silver,cherrygrove-city,whole-area,mart,potion,300
gold-silver,cherrygrove-city,whole-area,mart,poke-ball,200
gold-silver,cherrygrove-city,whole-area,mart-no-dex,parlyz-heal,200
gold-silver,cherrygrove-city,whole-area,mart-no-dex,antidote,100
gold-silver,cherrygrove-city,whole-area,mart-no-dex,potion,300
crystal,cherrygrove-city,whole-area,mart-no-dex,potion,300
crystal,cherrygrove-city,whole-area,mart-no-dex,antidote,100
crystal,cherrygrove-city,whole-area,mart-no-dex,parlyz-heal,200
crystal,cherrygrove-city,whole-area,mart,poke-ball,200
crystal,cherrygrove-city,whole-area,mart,potion,300
crystal,cherrygrove-city,whole-area,mart,antidote,100
crystal,cherrygrove-city,whole-area,mart,parlyz-heal,200
crystal,violet-city,whole-area,mart,poke-ball,200
crystal,violet-city,whole-area,mart,potion,300
crystal,violet-city,whole-area,mart,escape-rope,550
crystal,violet-city,whole-area,mart,antidote,100
crystal,violet-city,whole-area,mart,parlyz-heal,200
crystal,violet-city,whole-area,mart,awakening,250
crystal,violet-city,whole-area,mart,x-defend,550
crystal,violet-city,whole-area,mart,x-attack,500
crystal,violet-city,whole-area,mart,x-speed,350
crystal,azalea-town,whole-area,mart,charcoal,9800
crystal,azalea-town,whole-area,mart,poke-ball,200
crystal,azalea-town,whole-area,mart,potion,300
crystal,azalea-town,whole-area,mart,super-potion,700
crystal,azalea-town,whole-area,mart,escape-rope,550
crystal,azalea-town,whole-area,mart,repel,350
crystal,azalea-town,whole-area,mart,antidote,100
crystal,azalea-town,whole-area,mart,parlyz-heal,200
crystal,cianwood-city,whole-area,mart,potion,300
crystal,cianwood-city,whole-area,mart,super-potion,700
crystal,cianwood-city,whole-area,mart,hyper-potion,1200
crystal,cianwood-city,whole-area,mart,full-heal,600
crystal,goldenrod-city,department-store/2f,trainers-market-upper,potion,300
crystal,goldenrod-city,department-store/2f,trainers-market-upper,super-potion,700
crystal,goldenrod-city,department-store/2f,trainers-market-upper,antidote,100
crystal,goldenrod-city,department-store/2f,trainers-market-upper,parlyz-heal,200
crystal,goldenrod-city,department-store/2f,trainers-market-upper,awakening,250
crystal,goldenrod-city,department-store/2f,trainers-market-upper,burn-heal,250
crystal,goldenrod-city,department-store/2f,trainers-market-lower,poke-ball,200
crystal,goldenrod-city,department-store/2f,trainers-market-lower,great-ball,600
crystal,goldenrod-city,department-store/2f,trainers-market-lower,escape-rope,550
crystal,goldenrod-city,department-store/2f,trainers-market-lower,repel,350
crystal,goldenrod-city,department-store/2f,trainers-market-lower,revive,1500
crystal,goldenrod-city,department-store/2f,trainers-market-lower,full-heal,600
crystal,goldenrod-city,department-store/2f,trainers-market-lower,poke-doll,1000
crystal,goldenrod-city,department-store/3f,battle-collection,x-speed,350
crystal,goldenrod-city,department-store/3f,battle-collection,x-special,350
crystal,goldenrod-city,department-store/3f,battle-collection,x-defend,550
crystal,goldenrod-city,department-store/3f,battle-collection,x-attack,500
crystal,goldenrod-city,department-store/3f,battle-collection,dire-hit,650
crystal,goldenrod-city,department-store/3f,battle-collection,guard-spec,700
crystal,goldenrod-city,department-store/4f,medicine-box,protein,9800
crystal,goldenrod-city,department-store/4f,medicine-box,iron,9800
crystal,goldenrod-city,department-store/4f,medicine-box,carbos,9800
crystal,goldenrod-city,department-store/4f,medicine-box,calcium,9800
crystal,goldenrod-city,department-store/5f,tm-corner-1,tm41,3000
crystal,goldenrod-city,department-store/5f,tm-corner-1,tm48,3000
crystal,goldenrod-city,department-store/5f,tm-corner-2,tm41,3000
crystal,goldenrod-city,department-store/5f,tm-corner-2,tm48,3000
crystal,goldenrod-city,department-store/5f,tm-corner-2,tm33,3000
crystal,goldenrod-city,department-store/5f,tm-corner-3,tm41,3000
crystal,goldenrod-city,department-store/5f,tm-corner-3,tm48,3000
crystal,goldenrod-city,department-store/5f,tm-corner-3,tm33,3000
crystal,goldenrod-city,department-store/5f,tm-corner-4,tm41,3000
crystal,goldenrod-city,department-store/5f,tm-corner-4,tm48,3000
crystal,goldenrod-city,department-store/5f,tm-corner-4,tm33,3000
crystal,goldenrod-city,department-store/5f,tm-corner-4,tm02,2000
crystal,olivine-city,whole-area,mart,great-ball,600
crystal,olivine-city,whole-area,mart,super-potion,700
crystal,olivine-city,whole-area,mart,hyper-potion,1200
crystal,olivine-city,whole-area,mart,antidote,100
crystal,olivine-city,whole-area,mart,parlyz-heal,200
crystal,olivine-city,whole-area,mart,awakening,250
crystal,olivine-city,whole-area,mart,ice-heal,250
crystal,olivine-city,whole-area,mart,super-repel,500
crystal,ecruteak-city,whole-area,mart,poke-ball,200
crystal,ecruteak-city,whole-area,mart,great-ball,600
crystal,ecruteak-city,whole-area,mart,potion,300
crystal,ecruteak-city,whole-area,mart,super-potion,700
crystal,ecruteak-city,whole-area,mart,antidote,100
crystal,ecruteak-city,whole-area,mart,parlyz-heal,200
crystal,ecruteak-city,whole-area,mart,awakening,250
crystal,ecruteak-city,whole-area,mart,burn-heal,250
crystal,ecruteak-city,whole-area,mart,ice-heal,250
crystal,mahogany-town,whole-area,shop,tinymushroom,500
crystal,mahogany-town,whole-area,shop,slowpoketail,9800
crystal,mahogany-town,whole-area,shop,poke-ball,200
crystal,mahogany-town,whole-area,shop-no-rockets,ragecandybar,300
crystal,mahogany-town,whole-area,shop-no-rockets,great-ball,600
crystal,mahogany-town,whole-area,shop-no-rockets,super-potion,700
crystal,mahogany-town,whole-area,shop-no-rockets,hyper-potion,1200
crystal,mahogany-town,whole-area,shop-no-rockets,antidote,100
crystal,mahogany-town,whole-area,shop-no-rockets,parlyz-heal,200
crystal,mahogany-town,whole-area,shop-no-rockets,super-repel,500
crystal,mahogany-town,whole-area,shop-no-rockets,revive,1500
crystal,blackthorn-city,whole-area,mart,great-ball,600
crystal,blackthorn-city,whole-area,mart,ultra-ball,1200
crystal,blackthorn-city,whole-area,mart,hyper-potion,1200
crystal,blackthorn-city,whole-area,mart,max-potion,2500
crystal,blackthorn-city,whole-area,mart,full-heal,600
crystal,blackthorn-city,whole-area,mart,revive,1500
crystal,blackthorn-city,whole-area,mart,max-repel,700
crystal,blackthorn-city,whole-area,mart,x-defend,550
crystal,viridian-city,whole-area,mart,ultra-ball,1200
crystal,viridian-city,whole-area,mart,hyper-potion,1200
crystal,viridian-city,whole-area,mart,full-heal,600
crystal,viridian-city,whole-area,mart,revive,1500
crystal,viridian-city,whole-area,mart,antidote,100
crystal,viridian-city,whole-area,mart,parlyz-heal,200
crystal,viridian-city,whole-area,mart,awakening,250
crystal,viridian-city,whole-area,mart,burn-heal,250
crystal,pewter-city,whole-area,mart,great-ball,600
crystal,pewter-city,whole-area,mart,super-potion,700
crystal,pewter-city,whole-area,mart,super-repel,500
crystal,pewter-city,whole-area,mart,antidote,100
crystal,pewter-city,whole-area,mart,parlyz-heal,200
crystal,pewter-city,whole-area,mart,awakening,250
crystal,cerulean-city,whole-area,mart,great-ball,600
crystal,cerulean-city,whole-area,mart,ultra-ball,1200
crystal,cerulean-city,whole-area,mart,super-potion,700
crystal,cerulean-city,whole-area,mart,super-repel,500
crystal,cerulean-city,whole-area,mart,full-heal,600
crystal,cerulean-city,whole-area,mart,x-defend,550
crystal,cerulean-city,whole-area,mart,x-attack,500
crystal,cerulean-city,whole-area,mart,dire-hit,650
crystal,lavender-town,whole-area,mart,great-ball,600
crystal,lavender-town,whole-area,mart,potion,300
crystal,lavender-town,whole-area,mart,super-potion,700
crystal,lavender-town,whole-area,mart,max-repel,700
crystal,lavender-town,whole-area,mart,antidote,100
crystal,lavender-town,whole-area,mart,parlyz-heal,200
crystal,lavender-town,whole-area,mart,awakening,250
crystal,vermilion-city,whole-area,mart,ultra-ball,1200
crystal,vermilion-city,whole-area,mart,super-potion,700
crystal,vermilion-city,whole-area,mart,hyper-potion,1200
crystal,vermilion-city,whole-area,mart,revive,1500
crystal,vermilion-city,whole-area,mart,parlyz-heal,200
crystal,vermilion-city,whole-area,mart,awakening,250
crystal,vermilion-city,whole-area,mart,burn-heal,250
crystal,celadon-city,department-store/2f,trainers-market-upper,potion,300
crystal,celadon-city,department-store/2f,trainers-market-upper,super-potion,700
crystal,celadon-city,department-store/2f,trainers-market-upper,hyper-potion,1200
crystal,celadon-city,department-store/2f,trainers-market-upper,max-potion,2500
crystal,celadon-city,department-store/2f,trainers-market-upper,revive,1500
crystal,celadon-city,department-store/2f,trainers-market-upper,super-repel,500
crystal,celadon-city,department-store/2f,trainers-market-lower,poke-ball,200
crystal,celadon-city,department-store/2f,trainers-market-lower,great-ball,600
crystal,celadon-city,department-store/2f,trainers-market-lower,ultra-ball,1200
crystal,celadon-city,department-store/2f,trainers-market-lower,escape-rope,550
crystal,celadon-city,department-store/2f,trainers-market-lower,full-heal,600
crystal,celadon-city,department-store/2f,trainers-market-lower,antidote,100
crystal,celadon-city,department-store/2f,trainers-market-lower,burn-heal,250
crystal,celadon-city,department-store/2f,trainers-market-lower,ice-heal,250
crystal,celadon-city,department-store/2f,trainers-market-lower,awakening,250
crystal,celadon-city,department-store/3f,tm-shop,tm10,3000
crystal,celadon-city,department-store/3f,tm-shop,tm11,2000
crystal,celadon-city,department-store/3f,tm-shop,tm17,3000
crystal,celadon-city,department-store/3f,tm-shop,tm18,2000
crystal,celadon-city,department-store/4f,wiseman-gifts,poke-doll,1000
crystal,celadon-city,department-store/4f,wiseman-gifts,lovely-mail,50
crystal,celadon-city,department-store/5f,drugstore-left,hp-up,9800
crystal,celadon-city,department-store/5f,drugstore-left,protein,9800
crystal,celadon-city,department-store/5f,drugstore-left,iron,9800
crystal,celadon-city,department-store/5f,drugstore-left,carbos,9800
crystal,celadon-city,department-store/5f,drugstore-right,x-accuracy,950
crystal,celadon-city,department-store/5f,drugstore-right,guard-spec,700
crystal,celadon-city,department-store/5f,drugstore-right,dire-hit,650
crystal,celadon-city,department-store/5f,drugstore-right,x-attack,500
crystal,celadon-city,department-store/5f,drugstore-right,x-defend,550
crystal,celadon-city,department-store/5f,drugstore-right,x-speed,350
crystal,fuchsia-city,whole-area,mart,great-ball,600
crystal,fuchsia-city,whole-area,mart,ultra-ball,1200
crystal,fuchsia-city,whole-area,mart,super-potion,700
crystal,fuchsia-city,whole-area,mart,hyper-potion,1200
crystal,fuchsia-city,whole-area,mart,full-heal,600
crystal,fuchsia-city,whole-area,mart,max-repel,700
crystal,saffron-city,whole-area,mart,great-ball,600
crystal,saffron-city,whole-area,mart,ultra-ball,1200
crystal,saffron-city,whole-area,mart,hyper-potion,1200
crystal,saffron-city,whole-area,mart,max-potion,2500
crystal,saffron-city,whole-area,mart,full-heal,600
crystal,saffron-city,whole-area,mart,x-attack,500
crystal,saffron-city,whole-area,mart,x-defend,550
crystal,mt-moon,mt-moon-square,shop,poke-doll,1000
crystal,mt-moon,mt-moon-square,shop,fresh-water,200
crystal,mt-moon,mt-moon-square,shop,soda-pop,300
crystal,mt-moon,mt-moon-square,shop,lemonade,350
crystal,mt-moon,mt-moon-square,shop,repel,350
crystal,indigo-plateau,whole-area,mart,ultra-ball,1200
crystal,indigo-plateau,whole-area,mart,max-repel,700
crystal,indigo-plateau,whole-area,mart,hyper-potion,1200
crystal,indigo-plateau,whole-area,mart,max-potion,2500
crystal,indigo-plateau,whole-area,mart,full-restore,3000
crystal,indigo-plateau,whole-area,mart,revive,1500
crystal,goldenrod-underground,whole-area,herb-shop,energypowder,500
crystal,goldenrod-underground,whole-area,herb-shop,energy-root,800
crystal,goldenrod-underground,whole-area,herb-shop,heal-powder,450
ruby-sapphire,slateport-city,whole-area,tm-shop,tm10,3000
ruby-sapphire,slateport-city,whole-area,tm-shop,tm43,3000
ruby-sapphire,slateport-city,whole-area,energy-guru,protein,9800
ruby-sapphire,slateport-city,whole-area,energy-guru,iron,9800
ruby-sapphire,slateport-city,whole-area,energy-guru,carbos,9800
ruby-sapphire,slateport-city,whole-area,energy-guru,zinc,9800
ruby-sapphire,slateport-city,whole-area,energy-guru,calcium,9800
ruby-sapphire,slateport-city,whole-area,energy-guru,hp-up,9800
ruby-sapphire,oldale-town,mart,mart,poke-ball,200
ruby-sapphire,oldale-town,mart,mart,potion,300
ruby-sapphire,oldale-town,mart,mart,antidote,100
ruby-sapphire,oldale-town,mart,mart,parlyz-heal,200
ruby-sapphire,oldale-town,mart,mart,awakening,250
ruby-sapphire,oldale-town,mart,mart-pre-dex,potion,300
ruby-sapphire,oldale-town,mart,mart-pre-dex,antidote,100
ruby-sapphire,oldale-town,mart,mart-pre-dex,parlyz-heal,200
ruby-sapphire,oldale-town,mart,mart-pre-dex,awakening,250
ruby-sapphire,lavaridge-town,herb-shop,herb-shop,energypowder,500
ruby-sapphire,lavaridge-town,herb-shop,herb-shop,energy-root,800
ruby-sapphire,lavaridge-town,herb-shop,herb-shop,heal-powder,450
ruby-sapphire,lavaridge-town,herb-shop,herb-shop,revival-herb,2800
ruby-sapphire,lavaridge-town,mart,mart,great-ball,600
ruby-sapphire,lavaridge-town,mart,mart,super-potion,700
ruby-sapphire,lavaridge-town,mart,mart,antidote,100
ruby-sapphire,lavaridge-town,mart,mart,parlyz-heal,200
ruby-sapphire,lavaridge-town,mart,mart,awakening,250
ruby-sapphire,lavaridge-town,mart,mart,burn-heal,250
ruby-sapphire,lavaridge-town,mart,mart,revive,1500
ruby-sapphire,lavaridge-town,mart,mart,super-repel,500
ruby-sapphire,lavaridge-town,mart,mart,x-speed,350
ruby-sapphire,fallarbor-town,mart,mart,great-ball,600
ruby-sapphire,fallarbor-town,mart,mart,super-potion,700
ruby-sapphire,fallarbor-town,mart,mart,antidote,100
ruby-sapphire,fallarbor-town,mart,mart,parlyz-heal,200
ruby-sapphire,fallarbor-town,mart,mart,escape-rope,550
ruby-sapphire,fallarbor-town,mart,mart,super-repel,500
ruby-sapphire,fallarbor-town,mart,mart,x-special,350
ruby-sapphire,fallarbor-town,mart,mart,x-speed,350
ruby-sapphire,fallarbor-town,mart,mart,x-attack,500
ruby-sapphire,fallarbor-town,mart,mart,x-defend,550
ruby-sapphire,fallarbor-town,mart,mart,dire-hit,650
ruby-sapphire,fallarbor-town,mart,mart,guard-spec,700
ruby-sapphire,verdanturf-town,mart,mart,great-ball,600
ruby-sapphire,verdanturf-town,mart,mart,nest-ball,1000
ruby-sapphire,verdanturf-town,mart,mart,super-potion,700
ruby-sapphire,verdanturf-town,mart,mart,antidote,100
ruby-sapphire,verdanturf-town,mart,mart,parlyz-heal,200
ruby-sapphire,verdanturf-town,mart,mart,awakening,250
ruby-sapphire,verdanturf-town,mart,mart,burn-heal,250
ruby-sapphire,verdanturf-town,mart,mart,ice-heal,250
ruby-sapphire,verdanturf-town,mart,mart,repel,350
ruby-sapphire,verdanturf-town,mart,mart,x-special,350
ruby-sapphire,verdanturf-town,mart,mart,fluffy-tail,1000
ruby-sapphire,petalburg-city,mart,mart,poke-ball,200
ruby-sapphire,petalburg-city,mart,mart,great-ball,600
ruby-sapphire,petalburg-city,mart,mart,potion,300
ruby-sapphire,petalburg-city,mart,mart,super-potion,700
ruby-sapphire,petalburg-city,mart,mart,antidote,100
ruby-sapphire,petalburg-city,mart,mart,parlyz-heal,200
ruby-sapphire,petalburg-city,mart,mart,awakening,250
ruby-sapphire,petalburg-city,mart,mart,escape-rope,550
ruby-sapphire,petalburg-city,mart,mart,repel,350
ruby-sapphire,petalburg-city,mart,mart,x-speed,350
ruby-sapphire,petalburg-city,mart,mart,x-attack,500
ruby-sapphire,petalburg-city,mart,mart,x-defend,550
ruby-sapphire,petalburg-city,mart,mart,orange-mail,50
ruby-sapphire,slateport-city,mart,mart,poke-ball,200
ruby-sapphire,slateport-city,mart,mart,great-ball,600
ruby-sapphire,slateport-city,mart,mart,potion,300
ruby-sapphire,slateport-city,mart,mart,super-potion,700
ruby-sapphire,slateport-city,mart,mart,antidote,100
ruby-sapphire,slateport-city,mart,mart,parlyz-heal,200
ruby-sapphire,slateport-city,mart,mart,escape-rope,550
ruby-sapphire,slateport-city,mart,mart,repel,350
ruby-sapphire,slateport-city,mart,mart,harbor-mail,50
ruby-sapphire,mauville-city,mart,mart,poke-ball,200
ruby-sapphire,mauville-city,mart,mart,great-ball,600
ruby-sapphire,mauville-city,mart,mart,super-potion,700
ruby-sapphire,mauville-city,mart,mart,antidote,100
ruby-sapphire,mauville-city,mart,mart,parlyz-heal,200
ruby-sapphire,mauville-city,mart,mart,awakening,250
ruby-sapphire,mauville-city,mart,mart,x-speed,350
ruby-sapphire,mauville-city,mart,mart,x-attack,500
ruby-sapphire,mauville-city,mart,mart,x-defend,550
ruby-sapphire,mauville-city,mart,mart,guard-spec,700
ruby-sapphire,mauville-city,mart,mart,dire-hit,650
ruby-sapphire,mauville-city,mart,mart,x-accuracy,950
ruby-sapphire,rustboro-city,mart,mart,poke-ball,200
ruby-sapphire,rustboro-city,mart,mart,timer-ball,1000
ruby-sapphire,rustboro-city,mart,mart,repeat-ball,1000
ruby-sapphire,rustboro-city,mart,mart,potion,300
ruby-sapphire,rustboro-city,mart,mart,super-potion,700
ruby-sapphire,rustboro-city,mart,mart,antidote,100
ruby-sapphire,rustboro-city,mart,mart,parlyz-heal,200
ruby-sapphire,rustboro-city,mart,mart,escape-rope,550
ruby-sapphire,rustboro-city,mart,mart,repel,350
ruby-sapphire,rustboro-city,mart,mart,x-speed,350
ruby-sapphire,rustboro-city,mart,mart,x-attack,500
ruby-sapphire,rustboro-city,mart,mart,x-defend,550
ruby-sapphire,fortree-city,mart,mart,great-ball,600
ruby-sapphire,fortree-city,mart,mart,ultra-ball,1200
ruby-sapphire,fortree-city,mart,mart,super-potion,700
ruby-sapphire,fortree-city,mart,mart,hyper-potion,1200
ruby-sapphire,fortree-city,mart,mart,antidote,100
ruby-sapphire,fortree-city,mart,mart,parlyz-heal,200
ruby-sapphire,fortree-city,mart,mart,awakening,250
ruby-sapphire,fortree-city,mart,mart,revive,1500
ruby-sapphire,fortree-city,mart,mart,super-repel,500
ruby-sapphire,fortree-city,mart,mart,wood-mail,50
ruby-sapphire,lilycove-city,department-store/2f,right-clerk,potion,300
ruby-sapphire,lilycove-city,department-store/2f,right-clerk,super-potion,700
ruby-sapphire,lilycove-city,department-store/2f,right-clerk,hyper-potion,1200
ruby-sapphire,lilycove-city,department-store/2f,right-clerk,max-potion,2500
ruby-sapphire,lilycove-city,department-store/2f,right-clerk,revive,1500
ruby-sapphire,lilycove-city,department-store/2f,right-clerk,repel,350
ruby-sapphire,lilycove-city,department-store/2f,right-clerk,super-repel,500
ruby-sapphire,lilycove-city,department-store/2f,right-clerk,max-repel,700
ruby-sapphire,lilycove-city,department-store/2f,right-clerk,wave-mail,50
ruby-sapphire,lilycove-city,department-store/2f,right-clerk,mech-mail,50
ruby-sapphire,lilycove-city,department-store/2f,left-clerk,poke-ball,200
ruby-sapphire,lilycove-city,department-store/2f,left-clerk,great-ball,600
ruby-sapphire,lilycove-city,department-store/2f,left-clerk,ultra-ball,1200
ruby-sapphire,lilycove-city,department-store/2f,left-clerk,escape-rope,550
ruby-sapphire,lilycove-city,department-store/2f,left-clerk,full-heal,600
ruby-sapphire,lilycove-city,department-store/2f,left-clerk,antidote,100
ruby-sapphire,lilycove-city,department-store/2f,left-clerk,parlyz-heal,200
ruby-sapphire,lilycove-city,department-store/2f,left-clerk,burn-heal,250
ruby-sapphire,lilycove-city,department-store/2f,left-clerk,ice-heal,250
ruby-sapphire,lilycove-city,department-store/2f,left-clerk,awakening,250
ruby-sapphire,lilycove-city,department-store/2f,left-clerk,fluffy-tail,1000
ruby-sapphire,lilycove-city,department-store/3f,left-clerk,protein,9800
ruby-sapphire,lilycove-city,department-store/3f,left-clerk,calcium,9800
ruby-sapphire,lilycove-city,department-store/3f,left-clerk,iron,9800
ruby-sapphire,lilycove-city,department-store/3f,left-clerk,zinc,9800
ruby-sapphire,lilycove-city,department-store/3f,left-clerk,carbos,9800
ruby-sapphire,lilycove-city,department-store/3f,left-clerk,hp-up,9800
ruby-sapphire,lilycove-city,department-store/3f,right-clerk,x-speed,350
ruby-sapphire,lilycove-city,department-store/3f,right-clerk,x-special,350
ruby-sapphire,lilycove-city,department-store/3f,right-clerk,x-attack,500
ruby-sapphire,lilycove-city,department-store/3f,right-clerk,x-defend,550
ruby-sapphire,lilycove-city,department-store/3f,right-clerk,dire-hit,650
ruby-sapphire,lilycove-city,department-store/3f,right-clerk,guard-spec,700
ruby-sapphire,lilycove-city,department-store/3f,right-clerk,x-accuracy,950
ruby-sapphire,lilycove-city,department-store/4f,left-clerk,tm38,5500
ruby-sapphire,lilycove-city,department-store/4f,left-clerk,tm25,5500
ruby-sapphire,lilycove-city,department-store/4f,left-clerk,tm14,5500
ruby-sapphire,lilycove-city,department-store/4f,left-clerk,tm15,7500
ruby-sapphire,lilycove-city,department-store/4f,right-clerk,tm17,3000
ruby-sapphire,lilycove-city,department-store/4f,right-clerk,tm20,3000
ruby-sapphire,lilycove-city,department-store/4f,right-clerk,tm33,3000
ruby-sapphire,lilycove-city,department-store/4f,right-clerk,tm16,3000
ruby-sapphire,mossdeep-city,mart,mart,ultra-ball,1200
ruby-sapphire,mossdeep-city,mart,mart,net-ball,1000
ruby-sapphire,mossdeep-city,mart,mart,dive-ball,1000
ruby-sapphire,mossdeep-city,mart,mart,hyper-potion,1200
ruby-sapphire,mossdeep-city,mart,mart,full-heal,600
ruby-sapphire,mossdeep-city,mart,mart,revive,1500
ruby-sapphire,mossdeep-city,mart,mart,max-repel,700
ruby-sapphire,mossdeep-city,mart,mart,x-attack,500
ruby-sapphire,mossdeep-city,mart,mart,x-defend,550
ruby-sapphire,sootopolis-city,mart,mart,ultra-ball,1200
ruby-sapphire,sootopolis-city,mart,mart,hyper-potion,1200
ruby-sapphire,sootopolis-city,mart,mart,max-potion,2500
ruby-sapphire,sootopolis-city,mart,mart,full-heal,600
ruby-sapphire,sootopolis-city,mart,mart,revive,1500
ruby-sapphire,sootopolis-city,mart,mart,max-repel,700
ruby-sapphire,sootopolis-city,mart,mart,x-attack,500
ruby-sapphire,sootopolis-city,mart,mart,x-defend,550
ruby-sapphire,sootopolis-city,mart,mart,shadow-mail,50
ruby-sapphire,ever-grande-city,pokemon-league,mart,ultra-ball,1200
ruby-sapphire,ever-grande-city,pokemon-league,mart,hyper-potion,1200
ruby-sapphire,ever-grande-city,pokemon-league,mart,max-potion,2500
ruby-sapphire,ever-grande-city,pokemon-league,mart,full-restore,3000
ruby-sapphire,ever-grande-city,pokemon-league,mart,full-heal,600
ruby-sapphire,ever-grande-city,pokemon-league,mart,revive,1500
ruby-sapphire,ever-grande-city,pokemon-league,mart,max-repel,700
emerald,slateport-city,whole-area,tm-shop,tm10,3000
emerald,slateport-city,whole-area,tm-shop,tm43,3000
emerald,slateport-city,whole-area,energy-guru,protein,9800
emerald,slateport-city,whole-area,energy-guru,iron,9800
emerald,slateport-city,whole-area,energy-guru,carbos,9800
emerald,slateport-city,whole-area,energy-guru,zinc,9800
emerald,slateport-city,whole-area,energy-guru,calcium,9800
emerald,slateport-city,whole-area,energy-guru,hp-up,9800
emerald,oldale-town,mart,mart,poke-ball,200
emerald,oldale-town,mart,mart,potion,300
emerald,oldale-town,mart,mart,antidote,100
emerald,oldale-town,mart,mart,parlyz-heal,200
emerald,oldale-town,mart,mart,awakening,250
emerald,oldale-town,mart,mart-pre-dex,potion,300
emerald,oldale-town,mart,mart-pre-dex,antidote,100
emerald,oldale-town,mart,mart-pre-dex,parlyz-heal,200
emerald,oldale-town,mart,mart-pre-dex,awakening,250
emerald,lavaridge-town,herb-shop,herb-shop,energypowder,500
emerald,lavaridge-town,herb-shop,herb-shop,energy-root,800
emerald,lavaridge-town,herb-shop,herb-shop,heal-powder,450
emerald,lavaridge-town,herb-shop,herb-shop,revival-herb,2800
emerald,lavaridge-town,mart,mart,great-ball,600
emerald,lavaridge-town,mart,mart,super-potion,700
emerald,lavaridge-town,mart,mart,antidote,100
emerald,lavaridge-town,mart,mart,parlyz-heal,200
emerald,lavaridge-town,mart,mart,awakening,250
emerald,lavaridge-town,mart,mart,burn-heal,250
emerald,lavaridge-town,mart,mart,revive,1500
emerald,lavaridge-town,mart,mart,super-repel,500
emerald,lavaridge-town,mart,mart,x-speed,350
emerald,fallarbor-town,mart,mart,great-ball,600
emerald,fallarbor-town,mart,mart,super-potion,700
emerald,fallarbor-town,mart,mart,antidote,100
emerald,fallarbor-town,mart,mart,parlyz-heal,200
emerald,fallarbor-town,mart,mart,escape-rope,550
emerald,fallarbor-town,mart,mart,super-repel,500
emerald,fallarbor-town,mart,mart,x-special,350
emerald,fallarbor-town,mart,mart,x-speed,350
emerald,fallarbor-town,mart,mart,x-attack,500
emerald,fallarbor-town,mart,mart,x-defend,550
emerald,fallarbor-town,mart,mart,dire-hit,650
emerald,fallarbor-town,mart,mart,guard-spec,700
emerald,verdanturf-town,mart,mart,great-ball,600
emerald,verdanturf-town,mart,mart,nest-ball,1000
emerald,verdanturf-town,mart,mart,super-potion,700
emerald,verdanturf-town,mart,mart,antidote,100
emerald,verdanturf-town,mart,mart,parlyz-heal,200
emerald,verdanturf-town,mart,mart,awakening,250
emerald,verdanturf-town,mart,mart,burn-heal,250
emerald,verdanturf-town,mart,mart,ice-heal,250
emerald,verdanturf-town,mart,mart,repel,350
emerald,verdanturf-town,mart,mart,x-special,350
emerald,verdanturf-town,mart,mart,fluffy-tail,1000
emerald,petalburg-city,mart,mart,poke-ball,200
emerald,petalburg-city,mart,mart,great-ball,600
emerald,petalburg-city,mart,mart,potion,300
emerald,petalburg-city,mart,mart,super-potion,700
emerald,petalburg-city,mart,mart,antidote,100
emerald,petalburg-city,mart,mart,parlyz-heal,200
emerald,petalburg-city,mart,mart,awakening,250
emerald,petalburg-city,mart,mart,escape-rope,550
emerald,petalburg-city,mart,mart,repel,350
emerald,petalburg-city,mart,mart,x-speed,350
emerald,petalburg-city,mart,mart,x-attack,500
emerald,petalburg-city,mart,mart,x-defend,550
emerald,petalburg-city,mart,mart,orange-mail,50
emerald,slateport-city,mart,mart,poke-ball,200
emerald,slateport-city,mart,mart,great-ball,600
emerald,slateport-city,mart,mart,potion,300
emerald,slateport-city,mart,mart,super-potion,700
emerald,slateport-city,mart,mart,antidote,100
emerald,slateport-city,mart,mart,parlyz-heal,200
emerald,slateport-city,mart,mart,escape-rope,550
emerald,slateport-city,mart,mart,repel,350
emerald,slateport-city,mart,mart,harbor-mail,50
emerald,mauville-city,mart,mart,poke-ball,200
emerald,mauville-city,mart,mart,great-ball,600
emerald,mauville-city,mart,mart,super-potion,700
emerald,mauville-city,mart,mart,antidote,100
emerald,mauville-city,mart,mart,parlyz-heal,200
emerald,mauville-city,mart,mart,awakening,250
emerald,mauville-city,mart,mart,x-speed,350
emerald,mauville-city,mart,mart,x-attack,500
emerald,mauville-city,mart,mart,x-defend,550
emerald,mauville-city,mart,mart,guard-spec,700
emerald,mauville-city,mart,mart,dire-hit,650
emerald,mauville-city,mart,mart,x-accuracy,950
emerald,rustboro-city,mart,mart,poke-ball,200
emerald,rustboro-city,mart,mart,timer-ball,1000
emerald,rustboro-city,mart,mart,repeat-ball,1000
emerald,rustboro-city,mart,mart,potion,300
emerald,rustboro-city,mart,mart,super-potion,700
emerald,rustboro-city,mart,mart,antidote,100
emerald,rustboro-city,mart,mart,parlyz-heal,200
emerald,rustboro-city,mart,mart,escape-rope,550
emerald,rustboro-city,mart,mart,repel,350
emerald,rustboro-city,mart,mart,x-speed,350
emerald,rustboro-city,mart,mart,x-attack,500
emerald,rustboro-city,mart,mart,x-defend,550
emerald,fortree-city,mart,mart,great-ball,600
emerald,fortree-city,mart,mart,ultra-ball,1200
emerald,fortree-city,mart,mart,super-potion,700
emerald,fortree-city,mart,mart,hyper-potion,1200
emerald,fortree-city,mart,mart,antidote,100
emerald,fortree-city,mart,mart,parlyz-heal,200
emerald,fortree-city,mart,mart,awakening,250
emerald,fortree-city,mart,mart,revive,1500
emerald,fortree-city,mart,mart,super-repel,500
emerald,fortree-city,mart,mart,wood-mail,50
emerald,lilycove-city,department-store/2f,right-clerk,potion,300
emerald,lilycove-city,department-store/2f,right-clerk,super-potion,700
emerald,lilycove-city,department-store/2f,right-clerk,hyper-potion,1200
emerald,lilycove-city,department-store/2f,right-clerk,max-potion,2500
emerald,lilycove-city,department-store/2f,right-clerk,revive,1500
emerald,lilycove-city,department-store/2f,right-clerk,repel,350
emerald,lilycove-city,department-store/2f,right-clerk,super-repel,500
emerald,lilycove-city,department-store/2f,right-clerk,max-repel,700
emerald,lilycove-city,department-store/2f,right-clerk,wave-mail,50
emerald,lilycove-city,department-store/2f,right-clerk,mech-mail,50
emerald,lilycove-city,department-store/2f,left-clerk,poke-ball,200
emerald,lilycove-city,department-store/2f,left-clerk,great-ball,600
emerald,lilycove-city,department-store/2f,left-clerk,ultra-ball,1200
emerald,lilycove-city,department-store/2f,left-clerk,escape-rope,550
emerald,lilycove-city,department-store/2f,left-clerk,full-heal,600
emerald,lilycove-city,department-store/2f,left-clerk,antidote,100
emerald,lilycove-city,department-store/2f,left-clerk,parlyz-heal,200
emerald,lilycove-city,department-store/2f,left-clerk,burn-heal,250
emerald,lilycove-city,department-store/2f,left-clerk,ice-heal,250
emerald,lilycove-city,department-store/2f,left-clerk,awakening,250
emerald,lilycove-city,department-store/2f,left-clerk,fluffy-tail,1000
emerald,lilycove-city,department-store/3f,left-clerk,protein,9800
emerald,lilycove-city,department-store/3f,left-clerk,calcium,9800
emerald,lilycove-city,department-store/3f,left-clerk,iron,9800
emerald,lilycove-city,department-store/3f,left-clerk,zinc,9800
emerald,lilycove-city,department-store/3f,left-clerk,carbos,9800
emerald,lilycove-city,department-store/3f,left-clerk,hp-up,9800
emerald,lilycove-city,department-store/3f,right-clerk,x-speed,350
emerald,lilycove-city,department-store/3f,right-clerk,x-special,350
emerald,lilycove-city,department-store/3f,right-clerk,x-attack,500
emerald,lilycove-city,department-store/3f,right-clerk,x-defend,550
emerald,lilycove-city,department-store/3f,right-clerk,dire-hit,650
emerald,lilycove-city,department-store/3f,right-clerk,guard-spec,700
emerald,lilycove-city,department-store/3f,right-clerk,x-accuracy,950
emerald,lilycove-city,department-store/4f,left-clerk,tm38,5500
emerald,lilycove-city,department-store/4f,left-clerk,tm25,5500
emerald,lilycove-city,department-store/4f,left-clerk,tm14,5500
emerald,lilycove-city,department-store/4f,left-clerk,tm15,7500
emerald,lilycove-city,department-store/4f,right-clerk,tm17,3000
emerald,lilycove-city,department-store/4f,right-clerk,tm20,3000
emerald,lilycove-city,department-store/4f,right-clerk,tm33,3000
emerald,lilycove-city,department-store/4f,right-clerk,tm16,3000
emerald,mossdeep-city,mart,mart,ultra-ball,1200
emerald,mossdeep-city,mart,mart,net-ball,1000
emerald,mossdeep-city,mart,mart,dive-ball,1000
emerald,mossdeep-city,mart,mart,hyper-potion,1200
emerald,mossdeep-city,mart,mart,full-heal,600
emerald,mossdeep-city,mart,mart,revive,1500
emerald,mossdeep-city,mart,mart,max-repel,700
emerald,mossdeep-city,mart,mart,x-attack,500
emerald,mossdeep-city,mart,mart,x-defend,550
emerald,sootopolis-city,mart,mart,ultra-ball,1200
emerald,sootopolis-city,mart,mart,hyper-potion,1200
emerald,sootopolis-city,mart,mart,max-potion,2500
emerald,sootopolis-city,mart,mart,full-heal,600
emerald,sootopolis-city,mart,mart,revive,1500
emerald,sootopolis-city,mart,mart,max-repel,700
emerald,sootopolis-city,mart,mart,x-attack,500
emerald,sootopolis-city,mart,mart,x-defend,550
emerald,sootopolis-city,mart,mart,shadow-mail,50
emerald,ever-grande-city,pokemon-league/1f,mart,ultra-ball,1200
emerald,ever-grande-city,pokemon-league/1f,mart,hyper-potion,1200
emerald,ever-grande-city,pokemon-league/1f,mart,max-potion,2500
emerald,ever-grande-city,pokemon-league/1f,mart,full-restore,3000
emerald,ever-grande-city,pokemon-league/1f,mart,full-heal,600
emerald,ever-grande-city,pokemon-league/1f,mart,revive,1500
emerald,ever-grande-city,pokemon-league/1f,mart,max-repel,700
emerald,battle-frontier,mart,mart,ultra-ball,1200
emerald,battle-frontier,mart,mart,hyper-potion,1200
emerald,battle-frontier,mart,mart,max-potion,2500
emerald,battle-frontier,mart,mart,full-restore,3000
emerald,battle-frontier,mart,mart,full-heal,600
emerald,battle-frontier,mart,mart,revive,1500
emerald,battle-frontier,mart,mart,max-repel,700
emerald,battle-frontier,mart,mart,protein,9800
emerald,battle-frontier,mart,mart,calcium,9800
emerald,battle-frontier,mart,mart,iron,9800
emerald,battle-frontier,mart,mart,zinc,9800
emerald,battle-frontier,mart,mart,carbos,9800
emerald,battle-frontier,mart,mart,hp-up,9800
emerald,trainer-hill,entrance,mart-post-hall-of-fame,hyper-potion,1200
emerald,trainer-hill,entrance,mart-post-hall-of-fame,max-potion,2500
emerald,trainer-hill,entrance,mart-post-hall-of-fame,full-restore,3000
emerald,trainer-hill,entrance,mart-post-hall-of-fame,full-heal,600
emerald,trainer-hill,entrance,mart-post-hall-of-fame,revive,1500
emerald,trainer-hill,entrance,mart-post-hall-of-fame,x-speed,350
emerald,trainer-hill,entrance,mart-post-hall-of-fame,x-special,350
emerald,trainer-hill,entrance,mart-post-hall-of-fame,x-attack,500
emerald,trainer-hill,entrance,mart-post-hall-of-fame,x-defend,550
emerald,trainer-hill,entrance,mart-post-hall-of-fame,dire-hit,650
emerald,trainer-hill,entrance,mart-post-hall-of-fame,guard-spec,700
emerald,trainer-hill,entrance,mart-post-hall-of-fame,x-accuracy,950
emerald,trainer-hill,entrance,mart-pre-hall-of-fame,super-potion,700
emerald,trainer-hill,entrance,mart-pre-hall-of-fame,antidote,100
emerald,trainer-hill,entrance,mart-pre-hall-of-fame,parlyz-heal,200
emerald,trainer-hill,entrance,mart-pre-hall-of-fame,awakening,250
emerald,trainer-hill,entrance,mart-pre-hall-of-fame,x-speed,350
emerald,trainer-hill,entrance,mart-pre-hall-of-fame,x-special,350
emerald,trainer-hill,entrance,mart-pre-hall-of-fame,x-attack,500
emerald,trainer-hill,entrance,mart-pre-hall-of-fame,x-defend,550
emerald,trainer-hill,entrance,mart-pre-hall-of-fame,dire-hit,650
emerald,trainer-hill,entrance,mart-pre-hall-of-fame,guard-spec,700
emerald,trainer-hill,entrance,mart-pre-hall-of-fame,x-accuracy,950
firered-leafgreen,trainer-tower,lobby,mart,ultra-ball,1200
firered-leafgreen,trainer-tower,lobby,mart,great-ball,600
firered-leafgreen,trainer-tower,lobby,mart,full-restore,3000
firered-leafgreen,trainer-tower,lobby,mart,max-potion,2500
firered-leafgreen,trainer-tower,lobby,mart,hyper-potion,1200
firered-leafgreen,trainer-tower,lobby,mart,revive,1500
firered-leafgreen,trainer-tower,lobby,mart,full-heal,600
firered-leafgreen,trainer-tower,lobby,mart,escape-rope,550
firered-leafgreen,trainer-tower,lobby,mart,max-repel,700
firered-leafgreen,two-island--town,whole-area,market-ruby-sapphire,ultra-ball,1200
firered-leafgreen,two-island--town,whole-area,market-ruby-sapphire,repeat-ball,1000
firered-leafgreen,two-island--town,whole-area,market-ruby-sapphire,timer-ball,1000
firered-leafgreen,two-island--town,whole-area,market-ruby-sapphire,lemonade,350
firered-leafgreen,two-island--town,whole-area,market-ruby-sapphire,soda-pop,300
firered-leafgreen,two-island--town,whole-area,market-ruby-sapphire,fresh-water,200
firered-leafgreen,two-island--town,whole-area,market-ruby-sapphire,moomoo-milk,500
firered-leafgreen,two-island--town,whole-area,market-ruby-sapphire,lava-cookie,200
firered-leafgreen,two-island--town,whole-area,market-hall-of-fame,ultra-ball,1200
firered-leafgreen,two-island--town,whole-area,market-hall-of-fame,great-ball,600
firered-leafgreen,two-island--town,whole-area,market-hall-of-fame,lemonade,350
firered-leafgreen,two-island--town,whole-area,market-hall-of-fame,soda-pop,300
firered-leafgreen,two-island--town,whole-area,market-hall-of-fame,fresh-water,200
firered-leafgreen,two-island--town,whole-area,market-hall-of-fame,moomoo-milk,500
firered-leafgreen,two-island--town,whole-area,market-lostelle,ultra-ball,1200
firered-leafgreen,two-island--town,whole-area,market-lostelle,great-ball,600
firered-leafgreen,two-island--town,whole-area,market-lostelle,soda-pop,300
firered-leafgreen,two-island--town,whole-area,market-lostelle,fresh-water,200
firered-leafgreen,two-island--town,whole-area,market,great-ball,600
firered-leafgreen,two-island--town,whole-area,market,fresh-water,200
firered-leafgreen,viridian-city,mart,mart,poke-ball,200
firered-leafgreen,viridian-city,mart,mart,potion,300
firered-leafgreen,viridian-city,mart,mart,antidote,100
firered-leafgreen,viridian-city,mart,mart,parlyz-heal,200
firered-leafgreen,pewter-city,mart,mart,poke-ball,200
firered-leafgreen,pewter-city,mart,mart,potion,300
firered-leafgreen,pewter-city,mart,mart,antidote,100
firered-leafgreen,pewter-city,mart,mart,parlyz-heal,200
firered-leafgreen,pewter-city,mart,mart,awakening,250
firered-leafgreen,pewter-city,mart,mart,burn-heal,250
firered-leafgreen,pewter-city,mart,mart,escape-rope,550
firered-leafgreen,pewter-city,mart,mart,repel,350
firered-leafgreen,cerulean-city,mart,mart,poke-ball,200
firered-leafgreen,cerulean-city,mart,mart,super-potion,700
firered-leafgreen,cerulean-city,mart,mart,potion,300
firered-leafgreen,cerulean-city,mart,mart,antidote,100
firered-leafgreen,cerulean-city,mart,mart,parlyz-heal,200
firered-leafgreen,cerulean-city,mart,mart,awakening,250
firered-leafgreen,cerulean-city,mart,mart,burn-heal,250
firered-leafgreen,cerulean-city,mart,mart,escape-rope,550
firered-leafgreen,cerulean-city,mart,mart,repel,350
firered-leafgreen,lavender-town,mart,mart,great-ball,600
firered-leafgreen,lavender-town,mart,mart,super-potion,700
firered-leafgreen,lavender-town,mart,mart,revive,1500
firered-leafgreen,lavender-town,mart,mart,antidote,100
firered-leafgreen,lavender-town,mart,mart,parlyz-heal,200
firered-leafgreen,lavender-town,mart,mart,burn-heal,250
firered-leafgreen,lavender-town,mart,mart,ice-heal,250
firered-leafgreen,lavender-town,mart,mart,escape-rope,550
firered-leafgreen,lavender-town,mart,mart,super-repel,500
firered-leafgreen,vermilion-city,mart,mart,poke-ball,200
firered-leafgreen,vermilion-city,mart,mart,super-potion,700
firered-leafgreen,vermilion-city,mart,mart,antidote,100
firered-leafgreen,vermilion-city,mart,mart,parlyz-heal,200
firered-leafgreen,vermilion-city,mart,mart,awakening,250
firered-leafgreen,vermilion-city,mart,mart,ice-heal,250
firered-leafgreen,vermilion-city,mart,mart,repel,350
firered-leafgreen,celadon-city,department-store/2f,lower-clerk,great-ball,600
firered-leafgreen,celadon-city,department-store/2f,lower-clerk,super-potion,700
firered-leafgreen,celadon-city,department-store/2f,lower-clerk,revive,1500
firered-leafgreen,celadon-city,department-store/2f,lower-clerk,antidote,100
firered-leafgreen,celadon-city,department-store/2f,lower-clerk,parlyz-heal,200
firered-leafgreen,celadon-city,department-store/2f,lower-clerk,awakening,250
firered-leafgreen,celadon-city,department-store/2f,lower-clerk,burn-heal,250
firered-leafgreen,celadon-city,department-store/2f,lower-clerk,ice-heal,250
firered-leafgreen,celadon-city,department-store/2f,lower-clerk,super-repel,500
firered-leafgreen,celadon-city,department-store/2f,upper-clerk,tm05,1000
firered-leafgreen,celadon-city,department-store/2f,upper-clerk,tm15,7500
firered-leafgreen,celadon-city,department-store/2f,upper-clerk,tm28,2000
firered-leafgreen,celadon-city,department-store/2f,upper-clerk,tm31,3000
firered-leafgreen,celadon-city,department-store/2f,upper-clerk,tm43,3000
firered-leafgreen,celadon-city,department-store/2f,upper-clerk,tm45,3000
firered-leafgreen,celadon-city,department-store/4f,clerk,poke-doll,1000
firered-leafgreen,celadon-city,department-store/4f,clerk,retro-mail,50
firered-leafgreen,celadon-city,department-store/4f,clerk,fire-stone,2100
firered-leafgreen,celadon-city,department-store/4f,clerk,thunderstone,2100
firered-leafgreen,celadon-city,department-store/4f,clerk,water-stone,2100
firered-leafgreen,celadon-city,department-store/4f,clerk,leaf-stone,2100
firered-leafgreen,celadon-city,department-store/5f,lower-clerk,x-attack,500
firered-leafgreen,celadon-city,department-store/5f,lower-clerk,x-defend,550
firered-leafgreen,celadon-city,department-store/5f,lower-clerk,x-speed,350
firered-leafgreen,celadon-city,department-store/5f,lower-clerk,x-special,350
firered-leafgreen,celadon-city,department-store/5f,lower-clerk,x-accuracy,950
firered-leafgreen,celadon-city,department-store/5f,lower-clerk,guard-spec,700
firered-leafgreen,celadon-city,department-store/5f,lower-clerk,dire-hit,650
firered-leafgreen,celadon-city,department-store/5f,upper-clerk,hp-up,9800
firered-leafgreen,celadon-city,department-store/5f,upper-clerk,protein,9800
firered-leafgreen,celadon-city,department-store/5f,upper-clerk,iron,9800
firered-leafgreen,celadon-city,department-store/5f,upper-clerk,calcium,9800
firered-leafgreen,celadon-city,department-store/5f,upper-clerk,zinc,9800
firered-leafgreen,celadon-city,department-store/5f,upper-clerk,carbos,9800
firered-leafgreen,fuchsia-city,mart,mart,ultra-ball,1200
firered-leafgreen,fuchsia-city,mart,mart,great-ball,600
firered-leafgreen,fuchsia-city,mart,mart,super-potion,700
firered-leafgreen,fuchsia-city,mart,mart,revive,1500
firered-leafgreen,fuchsia-city,mart,mart,full-heal,600
firered-leafgreen,fuchsia-city,mart,mart,max-repel,700
firered-leafgreen,cinnabar-island,mart,mart,ultra-ball,1200
firered-leafgreen,cinnabar-island,mart,mart,great-ball,600
firered-leafgreen,cinnabar-island,mart,mart,hyper-potion,1200
firered-leafgreen,cinnabar-island,mart,mart,revive,1500
firered-leafgreen,cinnabar-island,mart,mart,full-heal,600
firered-leafgreen,cinnabar-island,mart,mart,escape-rope,550
firered-leafgreen,cinnabar-island,mart,mart,max-repel,700
firered-leafgreen,indigo-plateau,pokemon-center/1f,mart,ultra-ball,1200
firered-leafgreen,indigo-plateau,pokemon-center/1f,mart,great-ball,600
firered-leafgreen,indigo-plateau,pokemon-center/1f,mart,full-restore,3000
firered-leafgreen,indigo-plateau,pokemon-center/1f,mart,max-potion,2500
firered-leafgreen,indigo-plateau,pokemon-center/1f,mart,revive,1500
firered-leafgreen,indigo-plateau,pokemon-center/1f,mart,full-heal,600
firered-leafgreen,indigo-plateau,pokemon-center/1f,mart,max-repel,700
firered-leafgreen,saffron-city,mart,mart,great-ball,600
firered-leafgreen,saffron-city,mart,mart,hyper-potion,1200
firered-leafgreen,saffron-city,mart,mart,revive,1500
firered-leafgreen,saffron-city,mart,mart,full-heal,600
firered-leafgreen,saffron-city,mart,mart,escape-rope,550
firered-leafgreen,saffron-city,mart,mart,max-repel,700
firered-leafgreen,seven-island--town,mart,mart,ultra-ball,1200
firered-leafgreen,seven-island--town,mart,mart,great-ball,600
firered-leafgreen,seven-island--town,mart,mart,full-restore,3000
firered-leafgreen,seven-island--town,mart,mart,max-potion,2500
firered-leafgreen,seven-island--town,mart,mart,hyper-potion,1200
firered-leafgreen,seven-island--town,mart,mart,revive,1500
firered-leafgreen,seven-island--town,mart,mart,full-heal,600
firered-leafgreen,seven-island--town,mart,mart,escape-rope,550
firered-leafgreen,seven-island--town,mart,mart,max-repel,700
firered-leafgreen,three-island--town,mart,mart,ultra-ball,1200
firered-leafgreen,three-island--town,mart,mart,hyper-potion,1200
firered-leafgreen,three-island--town,mart,mart,revive,1500
firered-leafgreen,three-island--town,mart,mart,full-heal,600
firered-leafgreen,three-island--town,mart,mart,escape-rope,550
firered-leafgreen,three-island--town,mart,mart,max-repel,700
firered-leafgreen,four-island,mart,mart,ultra-ball,1200
firered-leafgreen,four-island,mart,mart,full-restore,3000
firered-leafgreen,four-island,mart,mart,max-potion,2500
firered-leafgreen,four-island,mart,mart,revive,1500
firered-leafgreen,four-island,mart,mart,ice-heal,250
firered-leafgreen,four-island,mart,mart,full-heal,600
firered-leafgreen,four-island,mart,mart,escape-rope,550
firered-leafgreen,four-island,mart,mart,max-repel,700
firered-leafgreen,six-island--town,mart,mart,ultra-ball,1200
firered-leafgreen,six-island--town,mart,mart,full-restore,3000
firered-leafgreen,six-island--town,mart,mart,max-potion,2500
firered-leafgreen,six-island--town,mart,mart,revive,1500
firered-leafgreen,six-island--town,mart,mart,full-heal,600
firered-leafgreen,six-island--town,mart,mart,escape-rope,550
firered-leafgreen,six-island--town,mart,mart,max-repel,700
firered-leafgreen,six-island--town,mart,mart,dream-mail,50
ruby-sapphire,slateport-city,whole-area,secret-power-club,red-brick,500
ruby-sapphire,slateport-city,whole-area,secret-power-club,blue-brick,500
ruby-sapphire,slateport-city,whole-area,secret-power-club,yellow-brick,500
ruby-sapphire,slateport-city,whole-area,secret-power-club,red-balloon,500
ruby-sapphire,slateport-city,whole-area,secret-power-club,blue-balloon,500
ruby-sapphire,slateport-city,whole-area,secret-power-club,yellow-balloon,500
ruby-sapphire,slateport-city,whole-area,secret-power-club,c-low-note-mat,500
ruby-sapphire,slateport-city,whole-area,secret-power-club,d-note-mat,500
ruby-sapphire,slateport-city,whole-area,secret-power-club,e-note-mat,500
ruby-sapphire,slateport-city,whole-area,secret-power-club,f-note-mat,500
ruby-sapphire,slateport-city,whole-area,secret-power-club,g-note-mat,500
ruby-sapphire,slateport-city,whole-area,secret-power-club,a-note-mat,500
ruby-sapphire,slateport-city,whole-area,secret-power-club,b-note-mat,500
ruby-sapphire,slateport-city,whole-area,secret-power-club,c-high-note-mat,500
ruby-sapphire,slateport-city,whole-area,doll-shop,azurill-doll,3000
ruby-sapphire,slateport-city,whole-area,doll-shop,marill-doll,3000
ruby-sapphire,slateport-city,whole-area,doll-shop,skitty-doll,3000
ruby-sapphire,fortree-city,decoration-shop,left-counter,small-desk,3000
ruby-sapphire,fortree-city,decoration-shop,left-counter,pokemon-desk,3000
ruby-sapphire,fortree-city,decoration-shop,left-counter,heavy-desk,6000
ruby-sapphire,fortree-city,decoration-shop,left-counter,ragged-desk,6000
ruby-sapphire,fortree-city,decoration-shop,left-counter,comfort-desk,6000
ruby-sapphire,fortree-city,decoration-shop,left-counter,brick-desk,9000
ruby-sapphire,fortree-city,decoration-shop,left-counter,camp-desk,9000
ruby-sapphire,fortree-city,decoration-shop,left-counter,hard-desk,9000
ruby-sapphire,fortree-city,decoration-shop,right-counter,small-chair,2000
ruby-sapphire,fortree-city,decoration-shop,right-counter,pokemon-chair,2000
ruby-sapphire,fortree-city,decoration-shop,right-counter,heavy-chair,2000
ruby-sapphire,fortree-city,decoration-shop,right-counter,ragged-chair,2000
ruby-sapphire,fortree-city,decoration-shop,right-counter,comfort-chair,2000
ruby-sapphire,fortree-city,decoration-shop,right-counter,brick-chair,2000
ruby-sapphire,fortree-city,decoration-shop,right-counter,camp-chair,2000
ruby-sapphire,fortree-city,decoration-shop,right-counter,hard-chair,2000
ruby-sapphire,lilycove-city,department-store/5f,upper-left-clerk,pichu-doll,3000
ruby-sapphire,lilycove-city,department-store/5f,upper-left-clerk,pikachu-doll,3000
ruby-sapphire,lilycove-city,department-store/5f,upper-left-clerk,marill-doll,3000
ruby-sapphire,lilycove-city,department-store/5f,upper-left-clerk,jigglypuff-doll,3000
ruby-sapphire,lilycove-city,department-store/5f,upper-left-clerk,duskull-doll,3000
ruby-sapphire,lilycove-city,department-store/5f,upper-left-clerk,wynaut-doll,3000
ruby-sapphire,lilycove-city,department-store/5f,upper-left-clerk,baltoy-doll,3000
ruby-sapphire,lilycove-city,department-store/5f,upper-left-clerk,kecleon-doll,3000
ruby-sapphire,lilycove-city,department-store/5f,upper-left-clerk,azurill-doll,3000
ruby-sapphire,lilycove-city,department-store/5f,upper-left-clerk,skitty-doll,3000
ruby-sapphire,lilycove-city,department-store/5f,upper-left-clerk,swablu-doll,3000
ruby-sapphire,lilycove-city,department-store/5f,upper-left-clerk,gulpin-doll,3000
ruby-sapphire,lilycove-city,department-store/5f,upper-right-clerk,pika-cushion,2000
ruby-sapphire,lilycove-city,department-store/5f,upper-right-clerk,round-cushion,2000
ruby-sapphire,lilycove-city,department-store/5f,upper-right-clerk,zigzag-cushion,2000
ruby-sapphire,lilycove-city,department-store/5f,upper-right-clerk,spin-cushion,2000
ruby-sapphire,lilycove-city,department-store/5f,upper-right-clerk,diamond-cushion,2000
ruby-sapphire,lilycove-city,department-store/5f,upper-right-clerk,ball-cushion,2000
ruby-sapphire,lilycove-city,department-store/5f,upper-right-clerk,grass-cushion,2000
ruby-sapphire,lilycove-city,department-store/5f,upper-right-clerk,fire-cushion,2000
ruby-sapphire,lilycove-city,department-store/5f,upper-right-clerk,water-cushion,2000
ruby-sapphire,lilycove-city,department-store/5f,lower-left-clerk,ball-poster,1000
ruby-sapphire,lilycove-city,department-store/5f,lower-left-clerk,green-poster,1000
ruby-sapphire,lilycove-city,department-store/5f,lower-left-clerk,red-poster,1000
ruby-sapphire,lilycove-city,department-store/5f,lower-left-clerk,blue-poster,1000
ruby-sapphire,lilycove-city,department-store/5f,lower-left-clerk,cute-poster,1000
ruby-sapphire,lilycove-city,department-store/5f,lower-left-clerk,pika-poster,1500
ruby-sapphire,lilycove-city,department-store/5f,lower-left-clerk,long-poster,1500
ruby-sapphire,lilycove-city,department-store/5f,lower-left-clerk,sea-poster,1500
ruby-sapphire,lilycove-city,department-store/5f,lower-left-clerk,sky-poster,1500
ruby-sapphire,lilycove-city,department-store/5f,lower-right-clerk,surf-mat,4000
ruby-sapphire,lilycove-city,department-store/5f,lower-right-clerk,thunder-mat,4000
ruby-sapphire,lilycove-city,department-store/5f,lower-right-clerk,fire-blast-mat,4000
ruby-sapphire,lilycove-city,department-store/5f,lower-right-clerk,powder-snow-mat,4000
ruby-sapphire,lilycove-city,department-store/5f,lower-right-clerk,attract-mat,4000
ruby-sapphire,lilycove-city,department-store/5f,lower-right-clerk,fissure-mat,4000
ruby-sapphire,lilycove-city,department-store/5f,lower-right-clerk,spikes-mat,4000
ruby-sapphire,lilycove-city,department-store/5f,lower-right-clerk,glitter-mat,2000
ruby-sapphire,lilycove-city,department-store/5f,lower-right-clerk,jump-mat,2000
ruby-sapphire,lilycove-city,department-store/5f,lower-right-clerk,spin-mat,2000
ruby-sapphire,lilycove-city,department-store/roof,rooftop-sale,mud-ball,200
ruby-sapphire,lilycove-city,department-store/roof,rooftop-sale,fence-length,500
ruby-sapphire,lilycove-city,department-store/roof,rooftop-sale,fence-width,500
ruby-sapphire,lilycove-city,department-store/roof,rooftop-sale,tire,800
ruby-sapphire,lilycove-city,department-store/roof,rooftop-sale,breakable-door,3000
ruby-sapphire,lilycove-city,department-store/roof,rooftop-sale,solid-board,3000
ruby-sapphire,lilycove-city,department-store/roof,rooftop-sale,sand-ornament,3000
ruby-sapphire,lilycove-city,department-store/roof,rooftop-sale,stand,7000
ruby-sapphire,lilycove-city,department-store/roof,rooftop-sale,slide,8000
ruby-sapphire,lilycove-city,department-store/roof,rooftop-sale,tv,3000
ruby-sapphire,lilycove-city,department-store/roof,rooftop-sale,round-tv,4000
ruby-sapphire,lilycove-city,department-store/roof,rooftop-sale,cute-tv,4000
ruby-sapphire,lilycove-city,department-store/roof,rooftop-sale,wailmer-doll,10000
ruby-sapphire,lilycove-city,department-store/roof,rooftop-sale,rhydon-doll,10000
ruby-sapphire,hoenn-route-104,pretty-petal-flower-shop,pretty-petal-flower-shop,red-plant,3000
ruby-sapphire,hoenn-route-104,pretty-petal-flower-shop,pretty-petal-flower-shop,tropical-plant,3000
ruby-sapphire,hoenn-route-104,pretty-petal-flower-shop,pretty-petal-flower-shop,pretty-flowers,3000
ruby-sapphire,hoenn-route-104,pretty-petal-flower-shop,pretty-petal-flower-shop,colorful-plant,5000
ruby-sapphire,hoenn-route-104,pretty-petal-flower-shop,pretty-petal-flower-shop,big-plant,5000
ruby-sapphire,hoenn-route-104,pretty-petal-flower-shop,pretty-petal-flower-shop,gorgeous-plant,5000
emerald,slateport-city,whole-area,secret-power-club,red-brick,500
emerald,slateport-city,whole-area,secret-power-club,blue-brick,500
emerald,slateport-city,whole-area,secret-power-club,yellow-brick,500
emerald,slateport-city,whole-area,secret-power-club,red-balloon,500
emerald,slateport-city,whole-area,secret-power-club,blue-balloon,500
emerald,slateport-city,whole-area,secret-power-club,yellow-balloon,500
emerald,slateport-city,whole-area,secret-power-club,c-low-note-mat,500
emerald,slateport-city,whole-area,secret-power-club,d-note-mat,500
emerald,slateport-city,whole-area,secret-power-club,e-note-mat,500
emerald,slateport-city,whole-area,secret-power-club,f-note-mat,500
emerald,slateport-city,whole-area,secret-power-club,g-note-mat,500
emerald,slateport-city,whole-area,secret-power-club,a-note-mat,500
emerald,slateport-city,whole-area,secret-power-club,b-note-mat,500
emerald,slateport-city,whole-area,secret-power-club,c-high-note-mat,500
emerald,slateport-city,whole-area,doll-shop,azurill-doll,3000
emerald,slateport-city,whole-area,doll-shop,marill-doll,3000
emerald,slateport-city,whole-area,doll-shop,skitty-doll,3000
emerald,fortree-city,decoration-shop,left-counter,small-desk,3000
emerald,fortree-city,decoration-shop,left-counter,pokemon-desk,3000
emerald,fortree-city,decoration-shop,left-counter,heavy-desk,6000
emerald,fortree-city,decoration-shop,left-counter,ragged-desk,6000
emerald,fortree-city,decoration-shop,left-counter,comfort-desk,6000
emerald,fortree-city,decoration-shop,left-counter,brick-desk,9000
emerald,fortree-city,decoration-shop,left-counter,camp-desk,9000
emerald,fortree-city,decoration-shop,left-counter,hard-desk,9000
emerald,fortree-city,decoration-shop,right-counter,small-chair,2000
emerald,fortree-city,decoration-shop,right-counter,pokemon-chair,2000
emerald,fortree-city,decoration-shop,right-counter,heavy-chair,2000
emerald,fortree-city,decoration-shop,right-counter,ragged-chair,2000
emerald,fortree-city,decoration-shop,right-counter,comfort-chair,2000
emerald,fortree-city,decoration-shop,right-counter,brick-chair,2000
emerald,fortree-city,decoration-shop,right-counter,camp-chair,2000
emerald,fortree-city,decoration-shop,right-counter,hard-chair,2000
emerald,lilycove-city,department-store/5f,upper-left-clerk,pichu-doll,3000
emerald,lilycove-city,department-store/5f,upper-left-clerk,pikachu-doll,3000
emerald,lilycove-city,department-store/5f,upper-left-clerk,marill-doll,3000
emerald,lilycove-city,department-store/5f,upper-left-clerk,jigglypuff-doll,3000
emerald,lilycove-city,department-store/5f,upper-left-clerk,duskull-doll,3000
emerald,lilycove-city,department-store/5f,upper-left-clerk,wynaut-doll,3000
emerald,lilycove-city,department-store/5f,upper-left-clerk,baltoy-doll,3000
emerald,lilycove-city,department-store/5f,upper-left-clerk,kecleon-doll,3000
emerald,lilycove-city,department-store/5f,upper-left-clerk,azurill-doll,3000
emerald,lilycove-city,department-store/5f,upper-left-clerk,skitty-doll,3000
emerald,lilycove-city,department-store/5f,upper-left-clerk,swablu-doll,3000
emerald,lilycove-city,department-store/5f,upper-left-clerk,gulpin-doll,3000
emerald,lilycove-city,department-store/5f,upper-right-clerk,pika-cushion,2000
emerald,lilycove-city,department-store/5f,upper-right-clerk,round-cushion,2000
emerald,lilycove-city,department-store/5f,upper-right-clerk,zigzag-cushion,2000
emerald,lilycove-city,department-store/5f,upper-right-clerk,spin-cushion,2000
emerald,lilycove-city,department-store/5f,upper-right-clerk,diamond-cushion,2000
emerald,lilycove-city,department-store/5f,upper-right-clerk,ball-cushion,2000
emerald,lilycove-city,department-store/5f,upper-right-clerk,grass-cushion,2000
emerald,lilycove-city,department-store/5f,upper-right-clerk,fire-cushion,2000
emerald,lilycove-city,department-store/5f,upper-right-clerk,water-cushion,2000
emerald,lilycove-city,department-store/5f,lower-left-clerk,ball-poster,1000
emerald,lilycove-city,department-store/5f,lower-left-clerk,green-poster,1000
emerald,lilycove-city,department-store/5f,lower-left-clerk,red-poster,1000
emerald,lilycove-city,department-store/5f,lower-left-clerk,blue-poster,1000
emerald,lilycove-city,department-store/5f,lower-left-clerk,cute-poster,1000
emerald,lilycove-city,department-store/5f,lower-left-clerk,pika-poster,1500
emerald,lilycove-city,department-store/5f,lower-left-clerk,long-poster,1500
emerald,lilycove-city,department-store/5f,lower-left-clerk,sea-poster,1500
emerald,lilycove-city,department-store/5f,lower-left-clerk,sky-poster,1500
emerald,lilycove-city,department-store/5f,lower-right-clerk,surf-mat,4000
emerald,lilycove-city,department-store/5f,lower-right-clerk,thunder-mat,4000
emerald,lilycove-city,department-store/5f,lower-right-clerk,fire-blast-mat,4000
emerald,lilycove-city,department-store/5f,lower-right-clerk,powder-snow-mat,4000
emerald,lilycove-city,department-store/5f,lower-right-clerk,attract-mat,4000
emerald,lilycove-city,department-store/5f,lower-right-clerk,fissure-mat,4000
emerald,lilycove-city,department-store/5f,lower-right-clerk,spikes-mat,4000
emerald,lilycove-city,department-store/5f,lower-right-clerk,glitter-mat,2000
emerald,lilycove-city,department-store/5f,lower-right-clerk,jump-mat,2000
emerald,lilycove-city,department-store/5f,lower-right-clerk,spin-mat,2000
emerald,lilycove-city,department-store/roof,rooftop-sale,mud-ball,200
emerald,lilycove-city,department-store/roof,rooftop-sale,fence-length,500
emerald,lilycove-city,department-store/roof,rooftop-sale,fence-width,500
emerald,lilycove-city,department-store/roof,rooftop-sale,tire,800
emerald,lilycove-city,department-store/roof,rooftop-sale,breakable-door,3000
emerald,lilycove-city,department-store/roof,rooftop-sale,solid-board,3000
emerald,lilycove-city,department-store/roof,rooftop-sale,sand-ornament,3000
emerald,lilycove-city,department-store/roof,rooftop-sale,stand,7000
emerald,lilycove-city,department-store/roof,rooftop-sale,slide,8000
emerald,lilycove-city,department-store/roof,rooftop-sale,tv,3000
emerald,lilycove-city,department-store/roof,rooftop-sale,round-tv,4000
emerald,lilycove-city,department-store/roof,rooftop-sale,cute-tv,4000
emerald,lilycove-city,department-store/roof,rooftop-sale,wailmer-doll,10000
emerald,lilycove-city,department-store/roof,rooftop-sale,rhydon-doll,10000
emerald,hoenn-route-104,pretty-petal-flower-shop,pretty-petal-flower-shop,red-plant,3000
emerald,hoenn-route-104,pretty-petal-flower-shop,pretty-petal-flower-shop,tropical-plant,3000
emerald,hoenn-route-104,pretty-petal-flower-shop,pretty-petal-flower-shop,pretty-flowers,3000
emerald,hoenn-route-104,pretty-petal-flower-shop,pretty-petal-flower-shop,colorful-plant,5000
emerald,hoenn-route-104,pretty-petal-flower-shop,pretty-petal-flower-shop,big-plant,5000
emerald,hoenn-route-104,pretty-petal-flower-shop,pretty-petal-flower-shop,gorgeous-plant,5000
colosseum,outskirt-stand,diner,clerk-start,antidote,100
colosseum,outskirt-stand,diner,clerk-start,burn-heal,250
colosseum,outskirt-stand,diner,clerk-start,ice-heal,250
colosseum,outskirt-stand,diner,clerk-start,awakening,250
colosseum,outskirt-stand,diner,clerk-start,parlyz-heal,200
colosseum,outskirt-stand,diner,clerk-rui,antidote,100
colosseum,outskirt-stand,diner,clerk-rui,burn-heal,250
colosseum,outskirt-stand,diner,clerk-rui,ice-heal,250
colosseum,outskirt-stand,diner,clerk-rui,awakening,250
colosseum,outskirt-stand,diner,clerk-rui,parlyz-heal,200
colosseum,outskirt-stand,diner,clerk-rui,great-ball,600
colosseum,outskirt-stand,diner,clerk-rui,poke-ball,200
colosseum,outskirt-stand,diner,clerk-rui,full-heal,600
colosseum,outskirt-stand,diner,clerk-duking-email,antidote,100
colosseum,outskirt-stand,diner,clerk-duking-email,burn-heal,250
colosseum,outskirt-stand,diner,clerk-duking-email,ice-heal,250
colosseum,outskirt-stand,diner,clerk-duking-email,awakening,250
colosseum,outskirt-stand,diner,clerk-duking-email,parlyz-heal,200
colosseum,outskirt-stand,diner,clerk-duking-email,full-heal,600
colosseum,outskirt-stand,diner,clerk-duking-email,great-ball,600
colosseum,outskirt-stand,diner,clerk-duking-email,poke-ball,200
colosseum,outskirt-stand,diner,clerk-duking-email,ultra-ball,1200
colosseum,outskirt-stand,diner,clerk-duking-email,net-ball,1000
colosseum,outskirt-stand,diner,clerk-duking-email,nest-ball,1000
colosseum,outskirt-stand,diner,clerk-duking-email,timer-ball,1000
colosseum,phenac-city,mart,mart-1f,potion,300
colosseum,phenac-city,mart,mart-1f,super-potion,700
colosseum,phenac-city,mart,mart-1f,antidote,100
colosseum,phenac-city,mart,mart-1f,burn-heal,250
colosseum,phenac-city,mart,mart-1f,ice-heal,250
colosseum,phenac-city,mart,mart-1f,awakening,250
colosseum,phenac-city,mart,mart-1f,parlyz-heal,200
colosseum,phenac-city,mart,mart-1f,full-heal,600
colosseum,phenac-city,mart,mart-2f,guard-spec,700
colosseum,phenac-city,mart,mart-2f,dire-hit,650
colosseum,phenac-city,mart,mart-2f,x-attack,500
colosseum,phenac-city,mart,mart-2f,x-defend,550
colosseum,phenac-city,mart,mart-2f,x-speed,350
colosseum,phenac-city,mart,mart-2f,x-accuracy,950
colosseum,phenac-city,mart,mart-2f,x-special,350
colosseum,pyrite-town,mart,mart,hyper-potion,1200
colosseum,pyrite-town,mart,mart,super-potion,700
colosseum,pyrite-town,mart,mart,full-heal,600
colosseum,pyrite-town,mart,mart,revive,1500
colosseum,pyrite-town,mart,mart,antidote,100
colosseum,pyrite-town,mart,mart,burn-heal,250
colosseum,pyrite-town,mart,mart,ice-heal,250
colosseum,pyrite-town,mart,mart,awakening,250
colosseum,pyrite-town,mart,mart,parlyz-heal,200
colosseum,agate-village,mart,mart,hyper-potion,1200
colosseum,agate-village,mart,mart,super-potion,700
colosseum,agate-village,mart,mart,full-heal,600
colosseum,agate-village,mart,mart,revive,1500
colosseum,agate-village,mart,mart,hp-up,9800
colosseum,agate-village,mart,mart,protein,9800
colosseum,agate-village,mart,mart,iron,9800
colosseum,agate-village,mart,mart,carbos,9800
colosseum,agate-village,mart,mart,calcium,9800
colosseum,agate-village,mart,mart,zinc,9800
colosseum,agate-village,mart,mart,joy-scent,600
colosseum,agate-village,mart,mart,excite-scent,800
colosseum,agate-village,mart,mart,vivid-scent,1200
colosseum,the-under,mart,mart,full-restore,3000
colosseum,the-under,mart,mart,max-potion,2500
colosseum,the-under,mart,mart,hyper-potion,1200
colosseum,the-under,mart,mart,full-heal,600
colosseum,the-under,mart,mart,revive,1500
colosseum,the-under,mart,mart,tm14,5500
colosseum,the-under,mart,mart,tm15,7500
colosseum,the-under,mart,mart,tm16,3000
colosseum,the-under,mart,mart,tm17,3000
colosseum,the-under,mart,mart,tm20,3000
colosseum,the-under,mart,mart,tm25,5500
colosseum,the-under,mart,mart,tm33,3000
colosseum,the-under,mart,mart,tm38,5500
colosseum,the-under,mart,mart,tm10,3000
colosseum,the-under,herb-shop,herb-shop,energypowder,500
colosseum,the-under,herb-shop,herb-shop,energy-root,800
colosseum,the-under,herb-shop,herb-shop,heal-powder,450
colosseum,the-under,herb-shop,herb-shop,revival-herb,2800
colosseum,the-under,whole-area,vending-machine,fresh-water,200
colosseum,the-under,whole-area,vending-machine,soda-pop,300
colosseum,the-under,whole-area,vending-machine,lemonade,350
colosseum,mt-battle,lobby,poke-coupon-exchange,tm29,
colosseum,mt-battle,lobby,poke-coupon-exchange,tm13,
colosseum,mt-battle,lobby,poke-coupon-exchange,tm24,
colosseum,mt-battle,lobby,poke-coupon-exchange,tm35,
colosseum,mt-battle,lobby,poke-coupon-exchange,tm32,
colosseum,mt-battle,lobby,poke-coupon-exchange,ganlon-berry,
colosseum,mt-battle,lobby,poke-coupon-exchange,salac-berry,
colosseum,mt-battle,lobby,poke-coupon-exchange,petaya-berry,
colosseum,mt-battle,lobby,poke-coupon-exchange,apicot-berry,
colosseum,mt-battle,lobby,poke-coupon-exchange,leftovers,
colosseum,mt-battle,lobby,poke-coupon-exchange,mental-herb,
colosseum,mt-battle,lobby,poke-coupon-exchange,focus-band,
colosseum,mt-battle,lobby,poke-coupon-exchange,white-herb,
colosseum,mt-battle,lobby,poke-coupon-exchange,quick-claw,
colosseum,mt-battle,lobby,poke-coupon-exchange,brightpowder,
colosseum,mt-battle,lobby,poke-coupon-exchange,kings-rock,
colosseum,mt-battle,lobby,poke-coupon-exchange,scope-lens,
colosseum,mt-battle,lobby,poke-coupon-exchange,choice-band,
xd,realgam-tower,mart,mart,hyper-potion,1200
xd,realgam-tower,mart,mart,full-heal,600
xd,realgam-tower,mart,mart,revive,1500
xd,realgam-tower,mart,mart,tm10,3000
xd,realgam-tower,mart,mart,tm14,5500
xd,realgam-tower,mart,mart,tm15,7500
xd,realgam-tower,mart,mart,tm16,3000
xd,realgam-tower,mart,mart,tm17,3000
xd,realgam-tower,mart,mart,tm20,3000
xd,realgam-tower,mart,mart,tm25,5500
xd,realgam-tower,mart,mart,tm33,3000
xd,realgam-tower,mart,mart,tm38,5500
xd,realgam-tower,battle-sim,battle-cd-1,battle-cd-02,1000
xd,realgam-tower,battle-sim,battle-cd-1,battle-cd-03,1000
xd,realgam-tower,battle-sim,battle-cd-1,battle-cd-04,1000
xd,realgam-tower,battle-sim,battle-cd-2,battle-cd-09,1000
xd,realgam-tower,battle-sim,battle-cd-2,battle-cd-13,1000
xd,realgam-tower,battle-sim,battle-cd-2,battle-cd-17,1000
xd,realgam-tower,battle-sim,battle-cd-3,battle-cd-25,1000
xd,realgam-tower,battle-sim,battle-cd-3,battle-cd-26,1000
xd,realgam-tower,battle-sim,battle-cd-3,battle-cd-30,1000
xd,phenac-city,mart,mart-1f,poke-ball,200
xd,phenac-city,mart,mart-1f,great-ball,600
xd,phenac-city,mart,mart-1f,ultra-ball,1200
xd,phenac-city,mart,mart-1f,super-potion,700
xd,phenac-city,mart,mart-1f,hyper-potion,1200
xd,phenac-city,mart,mart-1f,antidote,100
xd,phenac-city,mart,mart-1f,burn-heal,250
xd,phenac-city,mart,mart-1f,ice-heal,250
xd,phenac-city,mart,mart-1f,awakening,250
xd,phenac-city,mart,mart-1f,parlyz-heal,200
xd,phenac-city,mart,mart-1f,full-heal,600
xd,phenac-city,mart,mart-1f,revive,1500
xd,phenac-city,mart,mart-1f,poke-snack,300
xd,phenac-city,mart,mart-2f,hp-up,9800
xd,phenac-city,mart,mart-2f,protein,9800
xd,phenac-city,mart,mart-2f,iron,9800
xd,phenac-city,mart,mart-2f,carbos,9800
xd,phenac-city,mart,mart-2f,calcium,9800
xd,phenac-city,mart,mart-2f,zinc,9800
xd,pyrite-town,mart,mart-start,super-potion,700
xd,pyrite-town,mart,mart-start,full-heal,600
xd,pyrite-town,mart,mart-start,revive,1500
xd,pyrite-town,mart,mart-start,guard-spec,700
xd,pyrite-town,mart,mart-start,dire-hit,650
xd,pyrite-town,mart,mart-start,x-attack,500
xd,pyrite-town,mart,mart-start,x-defend,550
xd,pyrite-town,mart,mart-start,x-speed,350
xd,pyrite-town,mart,mart-start,x-accuracy,950
xd,pyrite-town,mart,mart-start,x-special,350
xd,pyrite-town,mart,mart-onbs,poke-ball,200
xd,pyrite-town,mart,mart-onbs,great-ball,600
xd,pyrite-town,mart,mart-onbs,super-potion,700
xd,pyrite-town,mart,mart-onbs,full-heal,600
xd,pyrite-town,mart,mart-onbs,revive,1500
xd,pyrite-town,mart,mart-onbs,guard-spec,700
xd,pyrite-town,mart,mart-onbs,dire-hit,650
xd,pyrite-town,mart,mart-onbs,x-attack,500
xd,pyrite-town,mart,mart-onbs,x-defend,550
xd,pyrite-town,mart,mart-onbs,x-speed,350
xd,pyrite-town,mart,mart-onbs,x-accuracy,950
xd,pyrite-town,mart,mart-onbs,x-special,350
xd,pyrite-town,mart,mart-onbs,poke-snack,300
xd,pyrite-town,whole-area,vending-machine,fresh-water,200
xd,pyrite-town,whole-area,vending-machine,soda-pop,300
xd,pyrite-town,whole-area,vending-machine,lemonade,350
xd,pyrite-town,whole-area,vending-machine,moomoo-milk,500
xd,agate-village,mart,mart-start,potion,300
xd,agate-village,mart,mart-start,super-potion,700
xd,agate-village,mart,mart-start,antidote,100
xd,agate-village,mart,mart-start,burn-heal,250
xd,agate-village,mart,mart-start,ice-heal,250
xd,agate-village,mart,mart-start,awakening,250
xd,agate-village,mart,mart-start,parlyz-heal,200
xd,agate-village,mart,mart-start,joy-scent,600
xd,agate-village,mart,mart-start,excite-scent,800
xd,agate-village,mart,mart-start,vivid-scent,1200
xd,agate-village,mart,mart-aidan,poke-ball,200
xd,agate-village,mart,mart-aidan,potion,300
xd,agate-village,mart,mart-aidan,super-potion,700
xd,agate-village,mart,mart-aidan,antidote,100
xd,agate-village,mart,mart-aidan,burn-heal,250
xd,agate-village,mart,mart-aidan,ice-heal,250
xd,agate-village,mart,mart-aidan,awakening,250
xd,agate-village,mart,mart-aidan,parlyz-heal,200
xd,agate-village,mart,mart-aidan,joy-scent,600
xd,agate-village,mart,mart-aidan,excite-scent,800
xd,agate-village,mart,mart-aidan,vivid-scent,1200
xd,agate-village,mart,mart-onbs,poke-ball,200
xd,agate-village,mart,mart-onbs,great-ball,600
xd,agate-village,mart,mart-onbs,potion,300
xd,agate-village,mart,mart-onbs,super-potion,700
xd,agate-village,mart,mart-onbs,antidote,100
xd,agate-village,mart,mart-onbs,burn-heal,250
xd,agate-village,mart,mart-onbs,ice-heal,250
xd,agate-village,mart,mart-onbs,awakening,250
xd,agate-village,mart,mart-onbs,parlyz-heal,200
xd,agate-village,mart,mart-onbs,joy-scent,600
xd,agate-village,mart,mart-onbs,excite-scent,800
xd,agate-village,mart,mart-onbs,vivid-scent,1200
xd,agate-village,mart,mart-onbs,poke-snack,300
xd,gateon-port,mart,mart-start,potion,300
xd,gateon-port,mart,mart-start,antidote,100
xd,gateon-port,mart,mart-start,burn-heal,250
xd,gateon-port,mart,mart-start,ice-heal,250
xd,gateon-port,mart,mart-start,awakening,250
xd,gateon-port,mart,mart-start,parlyz-heal,200
xd,gateon-port,mart,mart-onbs,poke-ball,200
xd,gateon-port,mart,mart-onbs,great-ball,600
xd,gateon-port,mart,mart-onbs,potion,300
xd,gateon-port,mart,mart-onbs,super-potion,700
xd,gateon-port,mart,mart-onbs,antidote,100
xd,gateon-port,mart,mart-onbs,burn-heal,250
xd,gateon-port,mart,mart-onbs,ice-heal,250
xd,gateon-port,mart,mart-onbs,awakening,250
xd,gateon-port,mart,mart-onbs,parlyz-heal,200
xd,gateon-port,mart,mart-onbs,full-heal,600
xd,gateon-port,mart,mart-onbs,revive,1500
xd,gateon-port,mart,mart-onbs,poke-snack,300
xd,gateon-port,mart,mart-gorigan,poke-ball,200
xd,gateon-port,mart,mart-gorigan,great-ball,600
xd,gateon-port,mart,mart-gorigan,ultra-ball,1200
xd,gateon-port,mart,mart-gorigan,potion,300
xd,gateon-port,mart,mart-gorigan,super-potion,700
xd,gateon-port,mart,mart-gorigan,hyper-potion,1200
xd,gateon-port,mart,mart-gorigan,max-potion,2500
xd,gateon-port,mart,mart-gorigan,full-restore,3000
xd,gateon-port,mart,mart-gorigan,antidote,100
xd,gateon-port,mart,mart-gorigan,burn-heal,250
xd,gateon-port,mart,mart-gorigan,ice-heal,250
xd,gateon-port,mart,mart-gorigan,awakening,250
xd,gateon-port,mart,mart-gorigan,parlyz-heal,200
xd,gateon-port,mart,mart-gorigan,full-heal,600
xd,gateon-port,mart,mart-gorigan,revive,1500
xd,gateon-port,mart,mart-gorigan,poke-snack,300
xd,gateon-port,herb-shop,herb-shop,energypowder,500
xd,gateon-port,herb-shop,herb-shop,energy-root,800
xd,gateon-port,herb-shop,herb-shop,heal-powder,450
xd,gateon-port,herb-shop,herb-shop,revival-herb,2800
xd,outskirt-stand,diner,clerk,ultra-ball,1200
xd,outskirt-stand,diner,clerk,net-ball,1000
xd,outskirt-stand,diner,clerk,nest-ball,1000
xd,outskirt-stand,diner,clerk,timer-ball,1000
xd,outskirt-stand,diner,clerk,super-potion,700
xd,outskirt-stand,diner,clerk,hyper-potion,1200
xd,outskirt-stand,diner,clerk,full-heal,600
xd,outskirt-stand,diner,clerk,revive,1500
xd,outskirt-stand,diner,clerk,poke-snack,300
xd,mt-battle,lobby,poke-coupon-exchange,tm29,
xd,mt-battle,lobby,poke-coupon-exchange,tm13,
xd,mt-battle,lobby,poke-coupon-exchange,tm24,
xd,mt-battle,lobby,poke-coupon-exchange,tm35,
xd,mt-battle,lobby,poke-coupon-exchange,tm30,
xd,mt-battle,lobby,poke-coupon-exchange,mental-herb,
xd,mt-battle,lobby,poke-coupon-exchange,white-herb,
xd,mt-battle,lobby,poke-coupon-exchange,quick-claw,
xd,mt-battle,lobby,poke-coupon-exchange,focus-band,
xd,mt-battle,lobby,poke-coupon-exchange,brightpowder,
xd,mt-battle,lobby,poke-coupon-exchange,kings-rock,
xd,mt-battle,lobby,poke-coupon-exchange,scope-lens,
xd,mt-battle,lobby,poke-coupon-exchange,choice-band,
xd,mt-battle,lobby,poke-coupon-exchange,shell-bell,
xd,mt-battle,lobby,poke-coupon-exchange,ganlon-berry,
xd,mt-battle,lobby,poke-coupon-exchange,salac-berry,
xd,mt-battle,lobby,poke-coupon-exchange,petaya-berry,
xd,mt-battle,lobby,poke-coupon-exchange,apicot-berry,
